canonical_food_id,taxonomy_category
FOODBASE00001,nuts_seeds
FOODBASE00002,other
FOODBASE00003,nuts_seeds
FOODBASE00004,other
FOODBASE00005,beverages
FOODBASE00006,beverages
FOODBASE00007,beverages
FOODBASE00008,other
FOODBASE00009,other
FOODBASE00010,beverages
FOODBASE00011,other
FOODBASE00012,other
FOODBASE00013,other
FOODBASE00014,other
FOODBASE00015,other
FOODBASE00016,other
FOODBASE00017,other
FOODBASE00018,dairy
FOODBASE00019,beverages
FOODBASE00020,nuts_seeds
FOODBASE00021,other
FOODBASE00022,meat
FOODBASE00023,beverages
FOODBASE00024,beverages
FOODBASE00025,beverages
FOODBASE00026,beverages
FOODBASE00027,beverages
FOODBASE00028,beverages
FOODBASE00029,dairy
FOODBASE00030,beverages
FOODBASE00031,beverages
FOODBASE00032,other
FOODBASE00033,beverages
FOODBASE00034,other
FOODBASE00035,other
FOODBASE00036,other
FOODBASE00037,dairy
FOODBASE00038,dairy
FOODBASE00039,other
FOODBASE00040,beverages
FOODBASE00041,other
FOODBASE00042,beverages
FOODBASE00043,other
FOODBASE00044,beverages
FOODBASE00045,other
FOODBASE00046,other
FOODBASE00047,other
FOODBASE00048,beverages
FOODBASE00049,beverages
FOODBASE00050,beverages
FOODBASE00051,other
FOODBASE00052,other
FOODBASE00053,other
FOODBASE00054,other
FOODBASE00055,other
FOODBASE00056,other
FOODBASE00057,other
FOODBASE00058,condiments
FOODBASE00059,other
FOODBASE00060,condiments
FOODBASE00061,other
FOODBASE00062,dairy
FOODBASE00063,other
FOODBASE00064,dairy
FOODBASE00065,dairy
FOODBASE00066,other
FOODBASE00067,other
FOODBASE00068,other
FOODBASE00069,condiments
FOODBASE00070,condiments
FOODBASE00071,other
FOODBASE00072,other
FOODBASE00073,condiments
FOODBASE00074,condiments
FOODBASE00075,meat
FOODBASE00076,other
FOODBASE00077,condiments
FOODBASE00078,other
FOODBASE00079,other
FOODBASE00080,other
FOODBASE00081,other
FOODBASE00082,other
FOODBASE00083,condiments
FOODBASE00084,other
FOODBASE00085,other
FOODBASE00086,condiments
FOODBASE00087,condiments
FOODBASE00088,other
FOODBASE00089,condiments
FOODBASE00090,other
FOODBASE00091,other
FOODBASE00092,condiments
FOODBASE00093,grains
FOODBASE00094,dairy
FOODBASE00095,dairy
FOODBASE00096,other
FOODBASE00097,other
FOODBASE00098,dairy
FOODBASE00099,dairy
FOODBASE00100,other
FOODBASE00101,other
FOODBASE00102,other
FOODBASE00103,dairy
FOODBASE00104,dairy
FOODBASE00105,dairy
FOODBASE00106,dairy
FOODBASE00107,other
FOODBASE00108,dairy
FOODBASE00109,vegetables
FOODBASE00110,dairy
FOODBASE00111,dairy
FOODBASE00112,dairy
FOODBASE00113,dairy
FOODBASE00114,other
FOODBASE00115,dairy
FOODBASE00116,other
FOODBASE00117,dairy
FOODBASE00118,dairy
FOODBASE00119,dairy
FOODBASE00120,dairy
FOODBASE00121,dairy
FOODBASE00122,dairy
FOODBASE00123,dairy
FOODBASE00124,dairy
FOODBASE00125,dairy
FOODBASE00126,dairy
FOODBASE00127,dairy
FOODBASE00128,dairy
FOODBASE00129,dairy
FOODBASE00130,dairy
FOODBASE00131,dairy
FOODBASE00132,dairy
FOODBASE00133,dairy
FOODBASE00134,dairy
FOODBASE00135,vegetables
FOODBASE00136,other
FOODBASE00137,other
FOODBASE00138,other
FOODBASE00139,beverages
FOODBASE00140,dairy
FOODBASE00141,dairy
FOODBASE00142,dairy
FOODBASE00143,dairy
FOODBASE00144,dairy
FOODBASE00145,dairy
FOODBASE00146,dairy
FOODBASE00147,dairy
FOODBASE00148,dairy
FOODBASE00149,dairy
FOODBASE00150,dairy
FOODBASE00151,dairy
FOODBASE00152,dairy
FOODBASE00153,dairy
FOODBASE00154,other
FOODBASE00155,other
FOODBASE00156,other
FOODBASE00157,dairy
FOODBASE00158,dairy
FOODBASE00159,other
FOODBASE00160,other
FOODBASE00161,dairy
FOODBASE00162,dairy
FOODBASE00163,dairy
FOODBASE00164,dairy
FOODBASE00165,dairy
FOODBASE00166,other
FOODBASE00167,other
FOODBASE00168,dairy
FOODBASE00169,dairy
FOODBASE00170,dairy
FOODBASE00171,dairy
FOODBASE00172,dairy
FOODBASE00173,other
FOODBASE00174,dairy
FOODBASE00175,dairy
FOODBASE00176,dairy
FOODBASE00177,dairy
FOODBASE00178,other
FOODBASE00179,other
FOODBASE00180,dairy
FOODBASE00181,other
FOODBASE00182,dairy
FOODBASE00183,other
FOODBASE00184,dairy
FOODBASE00185,dairy
FOODBASE00186,dairy
FOODBASE00187,other
FOODBASE00188,dairy
FOODBASE00189,dairy
FOODBASE00190,other
FOODBASE00191,other
FOODBASE00192,dairy
FOODBASE00193,dairy
FOODBASE00194,meat
FOODBASE00195,other
FOODBASE00196,other
FOODBASE00197,other
FOODBASE00198,dairy
FOODBASE00199,dairy
FOODBASE00200,other
FOODBASE00201,other
FOODBASE00202,other
FOODBASE00203,other
FOODBASE00204,other
FOODBASE00205,dairy
FOODBASE00206,other
FOODBASE00207,dairy
FOODBASE00208,dairy
FOODBASE00209,dairy
FOODBASE00210,dairy
FOODBASE00211,other
FOODBASE00212,dairy
FOODBASE00213,dairy
FOODBASE00214,dairy
FOODBASE00215,beverages
FOODBASE00216,other
FOODBASE00217,other
FOODBASE00218,other
FOODBASE00219,vegetables
FOODBASE00220,dairy
FOODBASE00221,dairy
FOODBASE00222,dairy
FOODBASE00223,dairy
FOODBASE00224,dairy
FOODBASE00225,dairy
FOODBASE00226,dairy
FOODBASE00227,dairy
FOODBASE00228,dairy
FOODBASE00229,dairy
FOODBASE00230,dairy
FOODBASE00231,dairy
FOODBASE00232,dairy
FOODBASE00233,dairy
FOODBASE00234,dairy
FOODBASE00235,other
FOODBASE00236,dairy
FOODBASE00237,dairy
FOODBASE00238,dairy
FOODBASE00239,dairy
FOODBASE00240,dairy
FOODBASE00241,sweets
FOODBASE00242,dairy
FOODBASE00243,dairy
FOODBASE00244,dairy
FOODBASE00245,dairy
FOODBASE00246,dairy
FOODBASE00247,dairy
FOODBASE00248,other
FOODBASE00249,dairy
FOODBASE00250,vegetables
FOODBASE00251,vegetables
FOODBASE00252,dairy
FOODBASE00253,dairy
FOODBASE00254,dairy
FOODBASE00255,sweets
FOODBASE00256,dairy
FOODBASE00257,beverages
FOODBASE00258,dairy
FOODBASE00259,other
FOODBASE00260,grains
FOODBASE00261,dairy
FOODBASE00262,dairy
FOODBASE00263,dairy
FOODBASE00264,dairy
FOODBASE00265,dairy
FOODBASE00266,grains
FOODBASE00267,grains
FOODBASE00268,dairy
FOODBASE00269,other
FOODBASE00270,dairy
FOODBASE00271,dairy
FOODBASE00272,sweets
FOODBASE00273,other
FOODBASE00274,dairy
FOODBASE00275,dairy
FOODBASE00276,dairy
FOODBASE00277,dairy
FOODBASE00278,dairy
FOODBASE00279,dairy
FOODBASE00280,dairy
FOODBASE00281,dairy
FOODBASE00282,dairy
FOODBASE00283,dairy
FOODBASE00284,dairy
FOODBASE00285,dairy
FOODBASE00286,other
FOODBASE00287,other
FOODBASE00288,dairy
FOODBASE00289,dairy
FOODBASE00290,dairy
FOODBASE00291,dairy
FOODBASE00292,dairy
FOODBASE00293,dairy
FOODBASE00294,dairy
FOODBASE00295,meat
FOODBASE00296,dairy
FOODBASE00297,dairy
FOODBASE00298,dairy
FOODBASE00299,dairy
FOODBASE00300,dairy
FOODBASE00301,dairy
FOODBASE00302,beverages
FOODBASE00303,dairy
FOODBASE00304,dairy
FOODBASE00305,dairy
FOODBASE00306,other
FOODBASE00307,dairy
FOODBASE00308,meat
FOODBASE00309,other
FOODBASE00310,sweets
FOODBASE00311,dairy
FOODBASE00312,dairy
FOODBASE00313,dairy
FOODBASE00314,dairy
FOODBASE00315,dairy
FOODBASE00316,other
FOODBASE00317,other
FOODBASE00318,dairy
FOODBASE00319,dairy
FOODBASE00320,dairy
FOODBASE00321,dairy
FOODBASE00322,dairy
FOODBASE00323,other
FOODBASE00324,dairy
FOODBASE00325,dairy
FOODBASE00326,dairy
FOODBASE00327,dairy
FOODBASE00328,dairy
FOODBASE00329,dairy
FOODBASE00330,dairy
FOODBASE00331,dairy
FOODBASE00332,dairy
FOODBASE00333,other
FOODBASE00334,dairy
FOODBASE00335,meat
FOODBASE00336,meat
FOODBASE00337,other
FOODBASE00338,other
FOODBASE00339,other
FOODBASE00340,other
FOODBASE00341,other
FOODBASE00342,other
FOODBASE00343,meat
FOODBASE00344,other
FOODBASE00345,other
FOODBASE00346,other
FOODBASE00347,dairy
FOODBASE00348,dairy
FOODBASE00349,other
FOODBASE00350,vegetables
FOODBASE00351,fish
FOODBASE00352,other
FOODBASE00353,other
FOODBASE00354,meat
FOODBASE00355,dairy
FOODBASE00356,dairy
FOODBASE00357,other
FOODBASE00358,vegetables
FOODBASE00359,other
FOODBASE00360,other
FOODBASE00361,other
FOODBASE00362,other
FOODBASE00363,other
FOODBASE00364,condiments
FOODBASE00365,other
FOODBASE00366,other
FOODBASE00367,other
FOODBASE00368,other
FOODBASE00369,other
FOODBASE00370,other
FOODBASE00371,dairy
FOODBASE00372,meat
FOODBASE00373,meat
FOODBASE00374,other
FOODBASE00375,dairy
FOODBASE00376,other
FOODBASE00377,other
FOODBASE00378,dairy
FOODBASE00379,other
FOODBASE00380,other
FOODBASE00381,other
FOODBASE00382,other
FOODBASE00383,other
FOODBASE00384,nuts_seeds
FOODBASE00385,other
FOODBASE00386,other
FOODBASE00387,other
FOODBASE00388,other
FOODBASE00389,other
FOODBASE00390,other
FOODBASE00391,condiments
FOODBASE00392,sweets
FOODBASE00393,sweets
FOODBASE00394,sweets
FOODBASE00395,other
FOODBASE00396,meat
FOODBASE00397,other
FOODBASE00398,sweets
FOODBASE00399,other
FOODBASE00400,other
FOODBASE00401,legumes
FOODBASE00402,other
FOODBASE00403,meat
FOODBASE00404,other
FOODBASE00405,other
FOODBASE00406,other
FOODBASE00407,other
FOODBASE00408,other
FOODBASE00409,other
FOODBASE00410,other
FOODBASE00411,other
FOODBASE00412,other
FOODBASE00413,other
FOODBASE00414,other
FOODBASE00415,other
FOODBASE00416,other
FOODBASE00417,other
FOODBASE00418,other
FOODBASE00419,dairy
FOODBASE00420,vegetables
FOODBASE00421,other
FOODBASE00422,dairy
FOODBASE00423,dairy
FOODBASE00424,vegetables
FOODBASE00425,other
FOODBASE00426,other
FOODBASE00427,other
FOODBASE00428,other
FOODBASE00429,vegetables
FOODBASE00430,legumes
FOODBASE00431,beverages
FOODBASE00432,other
FOODBASE00433,meat
FOODBASE00434,other
FOODBASE00435,other
FOODBASE00436,other
FOODBASE00437,other
FOODBASE00438,meat
FOODBASE00439,other
FOODBASE00440,meat
FOODBASE00441,dairy
FOODBASE00442,fish
FOODBASE00443,legumes
FOODBASE00444,other
FOODBASE00445,fish
FOODBASE00446,fish
FOODBASE00447,other
FOODBASE00448,dairy
FOODBASE00449,other
FOODBASE00450,fish
FOODBASE00451,other
FOODBASE00452,other
FOODBASE00453,other
FOODBASE00454,dairy
FOODBASE00455,grains
FOODBASE00456,other
FOODBASE00457,other
FOODBASE00458,fish
FOODBASE00459,other
FOODBASE00460,other
FOODBASE00461,other
FOODBASE00462,fish
FOODBASE00463,fish
FOODBASE00464,fish
FOODBASE00465,fish
FOODBASE00466,fish
FOODBASE00467,fish
FOODBASE00468,fish
FOODBASE00469,fish
FOODBASE00470,other
FOODBASE00471,other
FOODBASE00472,fish
FOODBASE00473,other
FOODBASE00474,other
FOODBASE00475,other
FOODBASE00476,other
FOODBASE00477,other
FOODBASE00478,fish
FOODBASE00479,other
FOODBASE00480,other
FOODBASE00481,other
FOODBASE00482,other
FOODBASE00483,other
FOODBASE00484,fish
FOODBASE00485,other
FOODBASE00486,other
FOODBASE00487,other
FOODBASE00488,other
FOODBASE00489,other
FOODBASE00490,fish
FOODBASE00491,other
FOODBASE00492,other
FOODBASE00493,other
FOODBASE00494,other
FOODBASE00495,fish
FOODBASE00496,other
FOODBASE00497,other
FOODBASE00498,other
FOODBASE00499,fish
FOODBASE00500,fish
FOODBASE00501,fish
FOODBASE00502,fish
FOODBASE00503,other
FOODBASE00504,other
FOODBASE00505,other
FOODBASE00506,other
FOODBASE00507,other
FOODBASE00508,other
FOODBASE00509,fish
FOODBASE00510,other
FOODBASE00511,fish
FOODBASE00512,fish
FOODBASE00513,fish
FOODBASE00514,other
FOODBASE00515,other
FOODBASE00516,other
FOODBASE00517,other
FOODBASE00518,other
FOODBASE00519,other
FOODBASE00520,other
FOODBASE00521,fish
FOODBASE00522,other
FOODBASE00523,fish
FOODBASE00524,other
FOODBASE00525,fish
FOODBASE00526,other
FOODBASE00527,fish
FOODBASE00528,fish
FOODBASE00529,fish
FOODBASE00530,fish
FOODBASE00531,fish
FOODBASE00532,legumes
FOODBASE00533,other
FOODBASE00534,fish
FOODBASE00535,other
FOODBASE00536,fish
FOODBASE00537,other
FOODBASE00538,nuts_seeds
FOODBASE00539,other
FOODBASE00540,other
FOODBASE00541,other
FOODBASE00542,fruit
FOODBASE00543,other
FOODBASE00544,other
FOODBASE00545,beverages
FOODBASE00546,other
FOODBASE00547,other
FOODBASE00548,beverages
FOODBASE00549,beverages
FOODBASE00550,sweets
FOODBASE00551,fruit
FOODBASE00552,fruit
FOODBASE00553,fruit
FOODBASE00554,other
FOODBASE00555,other
FOODBASE00556,other
FOODBASE00557,other
FOODBASE00558,other
FOODBASE00559,other
FOODBASE00560,grains
FOODBASE00561,dairy
FOODBASE00562,fruit
FOODBASE00563,other
FOODBASE00564,grains
FOODBASE00565,fruit
FOODBASE00566,fruit
FOODBASE00567,other
FOODBASE00568,beverages
FOODBASE00569,fruit
FOODBASE00570,other
FOODBASE00571,fruit
FOODBASE00572,fruit
FOODBASE00573,fruit
FOODBASE00574,other
FOODBASE00575,other
FOODBASE00576,other
FOODBASE00577,nuts_seeds
FOODBASE00578,grains
FOODBASE00579,other
FOODBASE00580,beverages
FOODBASE00581,other
FOODBASE00582,other
FOODBASE00583,other
FOODBASE00584,other
FOODBASE00585,vegetables
FOODBASE00586,nuts_seeds
FOODBASE00587,other
FOODBASE00588,other
FOODBASE00589,other
FOODBASE00590,other
FOODBASE00591,nuts_seeds
FOODBASE00592,fruit
FOODBASE00593,beverages
FOODBASE00594,other
FOODBASE00595,other
FOODBASE00596,other
FOODBASE00597,other
FOODBASE00598,nuts_seeds
FOODBASE00599,fruit
FOODBASE00600,other
FOODBASE00601,fruit
FOODBASE00602,fruit
FOODBASE00603,fruit
FOODBASE00604,fruit
FOODBASE00605,fruit
FOODBASE00606,fruit
FOODBASE00607,fruit
FOODBASE00608,fruit
FOODBASE00609,fruit
FOODBASE00610,other
FOODBASE00611,legumes
FOODBASE00612,other
FOODBASE00613,dairy
FOODBASE00614,other
FOODBASE00615,other
FOODBASE00616,grains
FOODBASE00617,other
FOODBASE00618,other
FOODBASE00619,fruit
FOODBASE00620,other
FOODBASE00621,other
FOODBASE00622,other
FOODBASE00623,other
FOODBASE00624,other
FOODBASE00625,dairy
FOODBASE00626,other
FOODBASE00627,beverages
FOODBASE00628,beverages
FOODBASE00629,other
FOODBASE00630,sweets
FOODBASE00631,other
FOODBASE00632,other
FOODBASE00633,beverages
FOODBASE00634,beverages
FOODBASE00635,beverages
FOODBASE00636,fruit
FOODBASE00637,beverages
FOODBASE00638,beverages
FOODBASE00639,other
FOODBASE00640,other
FOODBASE00641,fruit
FOODBASE00642,other
FOODBASE00643,fruit
FOODBASE00644,fruit
FOODBASE00645,fruit
FOODBASE00646,fruit
FOODBASE00647,fruit
FOODBASE00648,fruit
FOODBASE00649,fruit
FOODBASE00650,fruit
FOODBASE00651,fruit
FOODBASE00652,fruit
FOODBASE00653,fruit
FOODBASE00654,other
FOODBASE00655,other
FOODBASE00656,condiments
FOODBASE00657,other
FOODBASE00658,other
FOODBASE00659,grains
FOODBASE00660,nuts_seeds
FOODBASE00661,fruit
FOODBASE00662,fruit
FOODBASE00663,other
FOODBASE00664,other
FOODBASE00665,other
FOODBASE00666,fruit
FOODBASE00667,other
FOODBASE00668,other
FOODBASE00669,other
FOODBASE00670,nuts_seeds
FOODBASE00671,other
FOODBASE00672,other
FOODBASE00673,other
FOODBASE00674,other
FOODBASE00675,other
FOODBASE00676,other
FOODBASE00677,other
FOODBASE00678,nuts_seeds
FOODBASE00679,other
FOODBASE00680,other
FOODBASE00681,other
FOODBASE00682,other
FOODBASE00683,other
FOODBASE00684,other
FOODBASE00685,other
FOODBASE00686,fruit
FOODBASE00687,fruit
FOODBASE00688,other
FOODBASE00689,other
FOODBASE00690,fruit
FOODBASE00691,fruit
FOODBASE00692,fruit
FOODBASE00693,other
FOODBASE00694,fruit
FOODBASE00695,other
FOODBASE00696,other
FOODBASE00697,other
FOODBASE00698,other
FOODBASE00699,other
FOODBASE00700,other
FOODBASE00701,other
FOODBASE00702,other
FOODBASE00703,other
FOODBASE00704,other
FOODBASE00705,beverages
FOODBASE00706,beverages
FOODBASE00707,beverages
FOODBASE00708,beverages
FOODBASE00709,beverages
FOODBASE00710,other
FOODBASE00711,beverages
FOODBASE00712,fruit
FOODBASE00713,beverages
FOODBASE00714,fruit
FOODBASE00715,other
FOODBASE00716,other
FOODBASE00717,other
FOODBASE00718,other
FOODBASE00719,other
FOODBASE00720,beverages
FOODBASE00721,other
FOODBASE00722,other
FOODBASE00723,fruit
FOODBASE00724,legumes
FOODBASE00725,fruit
FOODBASE00726,fruit
FOODBASE00727,fruit
FOODBASE00728,fruit
FOODBASE00729,fruit
FOODBASE00730,fruit
FOODBASE00731,fruit
FOODBASE00732,other
FOODBASE00733,other
FOODBASE00734,nuts_seeds
FOODBASE00735,fruit
FOODBASE00736,fruit
FOODBASE00737,fruit
FOODBASE00738,fruit
FOODBASE00739,other
FOODBASE00740,other
FOODBASE00741,fruit
FOODBASE00742,other
FOODBASE00743,other
FOODBASE00744,other
FOODBASE00745,fruit
FOODBASE00746,beverages
FOODBASE00747,other
FOODBASE00748,fruit
FOODBASE00749,other
FOODBASE00750,other
FOODBASE00751,other
FOODBASE00752,beverages
FOODBASE00753,other
FOODBASE00754,other
FOODBASE00755,other
FOODBASE00756,sweets
FOODBASE00757,other
FOODBASE00758,nuts_seeds
FOODBASE00759,grains
FOODBASE00760,dairy
FOODBASE00761,other
FOODBASE00762,other
FOODBASE00763,fruit
FOODBASE00764,other
FOODBASE00765,other
FOODBASE00766,fruit
FOODBASE00767,other
FOODBASE00768,fruit
FOODBASE00769,other
FOODBASE00770,other
FOODBASE00771,other
FOODBASE00772,other
FOODBASE00773,nuts_seeds
FOODBASE00774,other
FOODBASE00775,other
FOODBASE00776,other
FOODBASE00777,other
FOODBASE00778,fruit
FOODBASE00779,beverages
FOODBASE00780,other
FOODBASE00781,other
FOODBASE00782,fruit
FOODBASE00783,nuts_seeds
FOODBASE00784,other
FOODBASE00785,other
FOODBASE00786,beverages
FOODBASE00787,fruit
FOODBASE00788,fruit
FOODBASE00789,other
FOODBASE00790,dairy
FOODBASE00791,beverages
FOODBASE00792,other
FOODBASE00793,beverages
FOODBASE00794,beverages
FOODBASE00795,nuts_seeds
FOODBASE00796,other
FOODBASE00797,fruit
FOODBASE00798,fruit
FOODBASE00799,other
FOODBASE00800,grains
FOODBASE00801,other
FOODBASE00802,other
FOODBASE00803,other
FOODBASE00804,grains
FOODBASE00805,other
FOODBASE00806,grains
FOODBASE00807,other
FOODBASE00808,grains
FOODBASE00809,grains
FOODBASE00810,grains
FOODBASE00811,grains
FOODBASE00812,grains
FOODBASE00813,grains
FOODBASE00814,grains
FOODBASE00815,grains
FOODBASE00816,grains
FOODBASE00817,grains
FOODBASE00818,grains
FOODBASE00819,grains
FOODBASE00820,grains
FOODBASE00821,grains
FOODBASE00822,grains
FOODBASE00823,grains
FOODBASE00824,grains
FOODBASE00825,grains
FOODBASE00826,other
FOODBASE00827,grains
FOODBASE00828,grains
FOODBASE00829,other
FOODBASE00830,dairy
FOODBASE00831,other
FOODBASE00832,grains
FOODBASE00833,grains
FOODBASE00834,grains
FOODBASE00835,grains
FOODBASE00836,grains
FOODBASE00837,grains
FOODBASE00838,grains
FOODBASE00839,other
FOODBASE00840,grains
FOODBASE00841,grains
FOODBASE00842,other
FOODBASE00843,other
FOODBASE00844,other
FOODBASE00845,other
FOODBASE00846,grains
FOODBASE00847,grains
FOODBASE00848,other
FOODBASE00849,other
FOODBASE00850,grains
FOODBASE00851,grains
FOODBASE00852,grains
FOODBASE00853,grains
FOODBASE00854,grains
FOODBASE00855,grains
FOODBASE00856,grains
FOODBASE00857,grains
FOODBASE00858,other
FOODBASE00859,grains
FOODBASE00860,grains
FOODBASE00861,other
FOODBASE00862,grains
FOODBASE00863,other
FOODBASE00864,other
FOODBASE00865,other
FOODBASE00866,grains
FOODBASE00867,grains
FOODBASE00868,other
FOODBASE00869,other
FOODBASE00870,grains
FOODBASE00871,grains
FOODBASE00872,other
FOODBASE00873,other
FOODBASE00874,other
FOODBASE00875,other
FOODBASE00876,grains
FOODBASE00877,grains
FOODBASE00878,grains
FOODBASE00879,other
FOODBASE00880,grains
FOODBASE00881,grains
FOODBASE00882,grains
FOODBASE00883,grains
FOODBASE00884,grains
FOODBASE00885,grains
FOODBASE00886,grains
FOODBASE00887,grains
FOODBASE00888,other
FOODBASE00889,grains
FOODBASE00890,grains
FOODBASE00891,grains
FOODBASE00892,grains
FOODBASE00893,grains
FOODBASE00894,grains
FOODBASE00895,beverages
FOODBASE00896,other
FOODBASE00897,grains
FOODBASE00898,grains
FOODBASE00899,grains
FOODBASE00900,grains
FOODBASE00901,other
FOODBASE00902,grains
FOODBASE00903,grains
FOODBASE00904,grains
FOODBASE00905,grains
FOODBASE00906,grains
FOODBASE00907,grains
FOODBASE00908,grains
FOODBASE00909,grains
FOODBASE00910,grains
FOODBASE00911,grains
FOODBASE00912,grains
FOODBASE00913,grains
FOODBASE00914,grains
FOODBASE00915,grains
FOODBASE00916,other
FOODBASE00917,other
FOODBASE00918,other
FOODBASE00919,grains
FOODBASE00920,grains
FOODBASE00921,grains
FOODBASE00922,grains
FOODBASE00923,grains
FOODBASE00924,grains
FOODBASE00925,grains
FOODBASE00926,grains
FOODBASE00927,grains
FOODBASE00928,other
FOODBASE00929,grains
FOODBASE00930,other
FOODBASE00931,grains
FOODBASE00932,grains
FOODBASE00933,other
FOODBASE00934,other
FOODBASE00935,other
FOODBASE00936,grains
FOODBASE00937,other
FOODBASE00938,other
FOODBASE00939,other
FOODBASE00940,grains
FOODBASE00941,other
FOODBASE00942,grains
FOODBASE00943,other
FOODBASE00944,other
FOODBASE00945,grains
FOODBASE00946,grains
FOODBASE00947,grains
FOODBASE00948,grains
FOODBASE00949,other
FOODBASE00950,grains
FOODBASE00951,other
FOODBASE00952,grains
FOODBASE00953,grains
FOODBASE00954,grains
FOODBASE00955,grains
FOODBASE00956,grains
FOODBASE00957,grains
FOODBASE00958,grains
FOODBASE00959,legumes
FOODBASE00960,legumes
FOODBASE00961,legumes
FOODBASE00962,legumes
FOODBASE00963,legumes
FOODBASE00964,legumes
FOODBASE00965,legumes
FOODBASE00966,legumes
FOODBASE00967,legumes
FOODBASE00968,legumes
FOODBASE00969,legumes
FOODBASE00970,legumes
FOODBASE00971,other
FOODBASE00972,legumes
FOODBASE00973,grains
FOODBASE00974,legumes
FOODBASE00975,legumes
FOODBASE00976,legumes
FOODBASE00977,legumes
FOODBASE00978,other
FOODBASE00979,legumes
FOODBASE00980,legumes
FOODBASE00981,other
FOODBASE00982,legumes
FOODBASE00983,legumes
FOODBASE00984,legumes
FOODBASE00985,other
FOODBASE00986,legumes
FOODBASE00987,beverages
FOODBASE00988,legumes
FOODBASE00989,legumes
FOODBASE00990,legumes
FOODBASE00991,legumes
FOODBASE00992,vegetables
FOODBASE00993,legumes
FOODBASE00994,legumes
FOODBASE00995,legumes
FOODBASE00996,legumes
FOODBASE00997,legumes
FOODBASE00998,legumes
FOODBASE00999,legumes
FOODBASE01000,legumes
FOODBASE01001,legumes
FOODBASE01002,other
FOODBASE01003,dairy
FOODBASE01004,other
FOODBASE01005,beverages
FOODBASE01006,other
FOODBASE01007,legumes
FOODBASE01008,legumes
FOODBASE01009,legumes
FOODBASE01010,legumes
FOODBASE01011,legumes
FOODBASE01012,legumes
FOODBASE01013,dairy
FOODBASE01014,dairy
FOODBASE01015,other
FOODBASE01016,grains
FOODBASE01017,other
FOODBASE01018,other
FOODBASE01019,legumes
FOODBASE01020,legumes
FOODBASE01021,vegetables
FOODBASE01022,vegetables
FOODBASE01023,legumes
FOODBASE01024,legumes
FOODBASE01025,legumes
FOODBASE01026,legumes
FOODBASE01027,legumes
FOODBASE01028,other
FOODBASE01029,other
FOODBASE01030,other
FOODBASE01031,legumes
FOODBASE01032,other
FOODBASE01033,other
FOODBASE01034,legumes
FOODBASE01035,other
FOODBASE01036,grains
FOODBASE01037,legumes
FOODBASE01038,other
FOODBASE01039,legumes
FOODBASE01040,other
FOODBASE01041,legumes
FOODBASE01042,legumes
FOODBASE01043,legumes
FOODBASE01044,legumes
FOODBASE01045,legumes
FOODBASE01046,legumes
FOODBASE01047,legumes
FOODBASE01048,legumes
FOODBASE01049,legumes
FOODBASE01050,legumes
FOODBASE01051,legumes
FOODBASE01052,legumes
FOODBASE01053,legumes
FOODBASE01054,legumes
FOODBASE01055,legumes
FOODBASE01056,legumes
FOODBASE01057,legumes
FOODBASE01058,legumes
FOODBASE01059,legumes
FOODBASE01060,other
FOODBASE01061,other
FOODBASE01062,meat
FOODBASE01063,other
FOODBASE01064,other
FOODBASE01065,meat
FOODBASE01066,legumes
FOODBASE01067,legumes
FOODBASE01068,meat
FOODBASE01069,legumes
FOODBASE01070,other
FOODBASE01071,condiments
FOODBASE01072,meat
FOODBASE01073,meat
FOODBASE01074,meat
FOODBASE01075,vegetables
FOODBASE01076,meat
FOODBASE01077,meat
FOODBASE01078,meat
FOODBASE01079,meat
FOODBASE01080,meat
FOODBASE01081,meat
FOODBASE01082,meat
FOODBASE01083,meat
FOODBASE01084,meat
FOODBASE01085,meat
FOODBASE01086,meat
FOODBASE01087,meat
FOODBASE01088,meat
FOODBASE01089,meat
FOODBASE01090,other
FOODBASE01091,other
FOODBASE01092,other
FOODBASE01093,sweets
FOODBASE01094,other
FOODBASE01095,meat
FOODBASE01096,other
FOODBASE01097,meat
FOODBASE01098,meat
FOODBASE01099,meat
FOODBASE01100,meat
FOODBASE01101,meat
FOODBASE01102,other
FOODBASE01103,meat
FOODBASE01104,other
FOODBASE01105,other
FOODBASE01106,other
FOODBASE01107,meat
FOODBASE01108,meat
FOODBASE01109,meat
FOODBASE01110,other
FOODBASE01111,other
FOODBASE01112,other
FOODBASE01113,other
FOODBASE01114,meat
FOODBASE01115,meat
FOODBASE01116,other
FOODBASE01117,meat
FOODBASE01118,meat
FOODBASE01119,meat
FOODBASE01120,meat
FOODBASE01121,meat
FOODBASE01122,meat
FOODBASE01123,meat
FOODBASE01124,meat
FOODBASE01125,meat
FOODBASE01126,meat
FOODBASE01127,meat
FOODBASE01128,meat
FOODBASE01129,meat
FOODBASE01130,meat
FOODBASE01131,meat
FOODBASE01132,meat
FOODBASE01133,meat
FOODBASE01134,meat
FOODBASE01135,meat
FOODBASE01136,meat
FOODBASE01137,meat
FOODBASE01138,meat
FOODBASE01139,meat
FOODBASE01140,meat
FOODBASE01141,meat
FOODBASE01142,meat
FOODBASE01143,meat
FOODBASE01144,meat
FOODBASE01145,other
FOODBASE01146,meat
FOODBASE01147,meat
FOODBASE01148,meat
FOODBASE01149,meat
FOODBASE01150,meat
FOODBASE01151,vegetables
FOODBASE01152,other
FOODBASE01153,other
FOODBASE01154,other
FOODBASE01155,other
FOODBASE01156,other
FOODBASE01157,meat
FOODBASE01158,meat
FOODBASE01159,other
FOODBASE01160,vegetables
FOODBASE01161,meat
FOODBASE01162,meat
FOODBASE01163,other
FOODBASE01164,other
FOODBASE01165,dairy
FOODBASE01166,other
FOODBASE01167,other
FOODBASE01168,fish
FOODBASE01169,other
FOODBASE01170,other
FOODBASE01171,meat
FOODBASE01172,meat
FOODBASE01173,meat
FOODBASE01174,meat
FOODBASE01175,fish
FOODBASE01176,grains
FOODBASE01177,other
FOODBASE01178,meat
FOODBASE01179,other
FOODBASE01180,other
FOODBASE01181,other
FOODBASE01182,grains
FOODBASE01183,grains
FOODBASE01184,meat
FOODBASE01185,other
FOODBASE01186,other
FOODBASE01187,fruit
FOODBASE01188,other
FOODBASE01189,condiments
FOODBASE01190,meat
FOODBASE01191,other
FOODBASE01192,other
FOODBASE01193,other
FOODBASE01194,other
FOODBASE01195,other
FOODBASE01196,other
FOODBASE01197,other
FOODBASE01198,other
FOODBASE01199,other
FOODBASE01200,meat
FOODBASE01201,meat
FOODBASE01202,meat
FOODBASE01203,meat
FOODBASE01204,meat
FOODBASE01205,other
FOODBASE01206,other
FOODBASE01207,other
FOODBASE01208,other
FOODBASE01209,other
FOODBASE01210,meat
FOODBASE01211,other
FOODBASE01212,other
FOODBASE01213,other
FOODBASE01214,other
FOODBASE01215,meat
FOODBASE01216,other
FOODBASE01217,other
FOODBASE01218,meat
FOODBASE01219,meat
FOODBASE01220,meat
FOODBASE01221,meat
FOODBASE01222,vegetables
FOODBASE01223,meat
FOODBASE01224,meat
FOODBASE01225,other
FOODBASE01226,condiments
FOODBASE01227,other
FOODBASE01228,meat
FOODBASE01229,legumes
FOODBASE01230,other
FOODBASE01231,meat
FOODBASE01232,meat
FOODBASE01233,other
FOODBASE01234,meat
FOODBASE01235,meat
FOODBASE01236,other
FOODBASE01237,other
FOODBASE01238,meat
FOODBASE01239,meat
FOODBASE01240,other
FOODBASE01241,meat
FOODBASE01242,other
FOODBASE01243,other
FOODBASE01244,other
FOODBASE01245,other
FOODBASE01246,meat
FOODBASE01247,other
FOODBASE01248,other
FOODBASE01249,other
FOODBASE01250,other
FOODBASE01251,other
FOODBASE01252,other
FOODBASE01253,other
FOODBASE01254,other
FOODBASE01255,other
FOODBASE01256,other
FOODBASE01257,other
FOODBASE01258,other
FOODBASE01259,other
FOODBASE01260,other
FOODBASE01261,meat
FOODBASE01262,meat
FOODBASE01263,meat
FOODBASE01264,meat
FOODBASE01265,other
FOODBASE01266,other
FOODBASE01267,other
FOODBASE01268,meat
FOODBASE01269,meat
FOODBASE01270,other
FOODBASE01271,meat
FOODBASE01272,other
FOODBASE01273,meat
FOODBASE01274,grains
FOODBASE01275,grains
FOODBASE01276,vegetables
FOODBASE01277,meat
FOODBASE01278,meat
FOODBASE01279,other
FOODBASE01280,other
FOODBASE01281,legumes
FOODBASE01282,vegetables
FOODBASE01283,vegetables
FOODBASE01284,other
FOODBASE01285,other
FOODBASE01286,other
FOODBASE01287,meat
FOODBASE01288,other
FOODBASE01289,other
FOODBASE01290,meat
FOODBASE01291,meat
FOODBASE01292,meat
FOODBASE01293,meat
FOODBASE01294,meat
FOODBASE01295,meat
FOODBASE01296,meat
FOODBASE01297,meat
FOODBASE01298,meat
FOODBASE01299,meat
FOODBASE01300,meat
FOODBASE01301,meat
FOODBASE01302,meat
FOODBASE01303,vegetables
FOODBASE01304,other
FOODBASE01305,other
FOODBASE01306,other
FOODBASE01307,other
FOODBASE01308,other
FOODBASE01309,other
FOODBASE01310,other
FOODBASE01311,other
FOODBASE01312,other
FOODBASE01313,meat
FOODBASE01314,meat
FOODBASE01315,meat
FOODBASE01316,other
FOODBASE01317,meat
FOODBASE01318,other
FOODBASE01319,other
FOODBASE01320,other
FOODBASE01321,other
FOODBASE01322,meat
FOODBASE01323,meat
FOODBASE01324,other
FOODBASE01325,meat
FOODBASE01326,other
FOODBASE01327,beverages
FOODBASE01328,other
FOODBASE01329,other
FOODBASE01330,other
FOODBASE01331,other
FOODBASE01332,nuts_seeds
FOODBASE01333,meat
FOODBASE01334,meat
FOODBASE01335,other
FOODBASE01336,meat
FOODBASE01337,other
FOODBASE01338,other
FOODBASE01339,other
FOODBASE01340,other
FOODBASE01341,fruit
FOODBASE01342,other
FOODBASE01343,other
FOODBASE01344,other
FOODBASE01345,meat
FOODBASE01346,meat
FOODBASE01347,other
FOODBASE01348,other
FOODBASE01349,meat
FOODBASE01350,condiments
FOODBASE01351,condiments
FOODBASE01352,meat
FOODBASE01353,beverages
FOODBASE01354,legumes
FOODBASE01355,other
FOODBASE01356,other
FOODBASE01357,other
FOODBASE01358,meat
FOODBASE01359,meat
FOODBASE01360,other
FOODBASE01361,other
FOODBASE01362,meat
FOODBASE01363,meat
FOODBASE01364,meat
FOODBASE01365,meat
FOODBASE01366,other
FOODBASE01367,sweets
FOODBASE01368,other
FOODBASE01369,vegetables
FOODBASE01370,other
FOODBASE01371,meat
FOODBASE01372,meat
FOODBASE01373,meat
FOODBASE01374,meat
FOODBASE01375,meat
FOODBASE01376,meat
FOODBASE01377,meat
FOODBASE01378,meat
FOODBASE01379,meat
FOODBASE01380,meat
FOODBASE01381,meat
FOODBASE01382,meat
FOODBASE01383,meat
FOODBASE01384,meat
FOODBASE01385,meat
FOODBASE01386,meat
FOODBASE01387,meat
FOODBASE01388,meat
FOODBASE01389,meat
FOODBASE01390,meat
FOODBASE01391,other
FOODBASE01392,other
FOODBASE01393,other
FOODBASE01394,other
FOODBASE01395,other
FOODBASE01396,meat
FOODBASE01397,meat
FOODBASE01398,meat
FOODBASE01399,other
FOODBASE01400,other
FOODBASE01401,other
FOODBASE01402,other
FOODBASE01403,other
FOODBASE01404,other
FOODBASE01405,meat
FOODBASE01406,other
FOODBASE01407,meat
FOODBASE01408,meat
FOODBASE01409,meat
FOODBASE01410,other
FOODBASE01411,meat
FOODBASE01412,meat
FOODBASE01413,meat
FOODBASE01414,other
FOODBASE01415,nuts_seeds
FOODBASE01416,other
FOODBASE01417,nuts_seeds
FOODBASE01418,nuts_seeds
FOODBASE01419,nuts_seeds
FOODBASE01420,nuts_seeds
FOODBASE01421,nuts_seeds
FOODBASE01422,nuts_seeds
FOODBASE01423,nuts_seeds
FOODBASE01424,grains
FOODBASE01425,nuts_seeds
FOODBASE01426,grains
FOODBASE01427,dairy
FOODBASE01428,other
FOODBASE01429,other
FOODBASE01430,nuts_seeds
FOODBASE01431,other
FOODBASE01432,other
FOODBASE01433,other
FOODBASE01434,other
FOODBASE01435,other
FOODBASE01436,other
FOODBASE01437,other
FOODBASE01438,dairy
FOODBASE01439,dairy
FOODBASE01440,dairy
FOODBASE01441,dairy
FOODBASE01442,condiments
FOODBASE01443,condiments
FOODBASE01444,other
FOODBASE01445,other
FOODBASE01446,dairy
FOODBASE01447,nuts_seeds
FOODBASE01448,nuts_seeds
FOODBASE01449,condiments
FOODBASE01450,condiments
FOODBASE01451,other
FOODBASE01452,other
FOODBASE01453,other
FOODBASE01454,nuts_seeds
FOODBASE01455,dairy
FOODBASE01456,other
FOODBASE01457,other
FOODBASE01458,nuts_seeds
FOODBASE01459,nuts_seeds
FOODBASE01460,condiments
FOODBASE01461,condiments
FOODBASE01462,other
FOODBASE01463,nuts_seeds
FOODBASE01464,condiments
FOODBASE01465,condiments
FOODBASE01466,other
FOODBASE01467,condiments
FOODBASE01468,dairy
FOODBASE01469,other
FOODBASE01470,other
FOODBASE01471,condiments
FOODBASE01472,condiments
FOODBASE01473,other
FOODBASE01474,other
FOODBASE01475,other
FOODBASE01476,nuts_seeds
FOODBASE01477,other
FOODBASE01478,other
FOODBASE01479,other
FOODBASE01480,other
FOODBASE01481,condiments
FOODBASE01482,condiments
FOODBASE01483,condiments
FOODBASE01484,condiments
FOODBASE01485,condiments
FOODBASE01486,dairy
FOODBASE01487,condiments
FOODBASE01488,dairy
FOODBASE01489,other
FOODBASE01490,other
FOODBASE01491,other
FOODBASE01492,other
FOODBASE01493,nuts_seeds
FOODBASE01494,condiments
FOODBASE01495,nuts_seeds
FOODBASE01496,nuts_seeds
FOODBASE01497,condiments
FOODBASE01498,other
FOODBASE01499,condiments
FOODBASE01500,condiments
FOODBASE01501,other
FOODBASE01502,nuts_seeds
FOODBASE01503,nuts_seeds
FOODBASE01504,nuts_seeds
FOODBASE01505,dairy
FOODBASE01506,dairy
FOODBASE01507,other
FOODBASE01508,other
FOODBASE01509,condiments
FOODBASE01510,other
FOODBASE01511,other
FOODBASE01512,other
FOODBASE01513,condiments
FOODBASE01514,nuts_seeds
FOODBASE01515,condiments
FOODBASE01516,condiments
FOODBASE01517,other
FOODBASE01518,other
FOODBASE01519,dairy
FOODBASE01520,nuts_seeds
FOODBASE01521,condiments
FOODBASE01522,nuts_seeds
FOODBASE01523,other
FOODBASE01524,other
FOODBASE01525,other
FOODBASE01526,other
FOODBASE01527,other
FOODBASE01528,other
FOODBASE01529,dairy
FOODBASE01530,other
FOODBASE01531,other
FOODBASE01532,other
FOODBASE01533,other
FOODBASE01534,other
FOODBASE01535,other
FOODBASE01536,other
FOODBASE01537,other
FOODBASE01538,other
FOODBASE01539,other
FOODBASE01540,other
FOODBASE01541,other
FOODBASE01542,other
FOODBASE01543,other
FOODBASE01544,other
FOODBASE01545,other
FOODBASE01546,other
FOODBASE01547,other
FOODBASE01548,other
FOODBASE01549,other
FOODBASE01550,other
FOODBASE01551,other
FOODBASE01552,other
FOODBASE01553,dairy
FOODBASE01554,dairy
FOODBASE01555,dairy
FOODBASE01556,dairy
FOODBASE01557,other
FOODBASE01558,other
FOODBASE01559,other
FOODBASE01560,other
FOODBASE01561,other
FOODBASE01562,other
FOODBASE01563,other
FOODBASE01564,other
FOODBASE01565,other
FOODBASE01566,other
FOODBASE01567,other
FOODBASE01568,other
FOODBASE01569,other
FOODBASE01570,other
FOODBASE01571,other
FOODBASE01572,other
FOODBASE01573,other
FOODBASE01574,other
FOODBASE01575,other
FOODBASE01576,other
FOODBASE01577,other
FOODBASE01578,other
FOODBASE01579,other
FOODBASE01580,other
FOODBASE01581,dairy
FOODBASE01582,other
FOODBASE01583,legumes
FOODBASE01584,other
FOODBASE01585,other
FOODBASE01586,other
FOODBASE01587,other
FOODBASE01588,other
FOODBASE01589,other
FOODBASE01590,other
FOODBASE01591,other
FOODBASE01592,other
FOODBASE01593,other
FOODBASE01594,other
FOODBASE01595,other
FOODBASE01596,other
FOODBASE01597,other
FOODBASE01598,other
FOODBASE01599,other
FOODBASE01600,other
FOODBASE01601,other
FOODBASE01602,other
FOODBASE01603,other
FOODBASE01604,other
FOODBASE01605,other
FOODBASE01606,other
FOODBASE01607,other
FOODBASE01608,other
FOODBASE01609,other
FOODBASE01610,other
FOODBASE01611,other
FOODBASE01612,other
FOODBASE01613,other
FOODBASE01614,other
FOODBASE01615,other
FOODBASE01616,other
FOODBASE01617,other
FOODBASE01618,other
FOODBASE01619,other
FOODBASE01620,other
FOODBASE01621,other
FOODBASE01622,other
FOODBASE01623,other
FOODBASE01624,other
FOODBASE01625,other
FOODBASE01626,other
FOODBASE01627,other
FOODBASE01628,other
FOODBASE01629,other
FOODBASE01630,other
FOODBASE01631,other
FOODBASE01632,other
FOODBASE01633,other
FOODBASE01634,other
FOODBASE01635,other
FOODBASE01636,other
FOODBASE01637,other
FOODBASE01638,other
FOODBASE01639,other
FOODBASE01640,other
FOODBASE01641,other
FOODBASE01642,other
FOODBASE01643,other
FOODBASE01644,other
FOODBASE01645,sweets
FOODBASE01646,dairy
FOODBASE01647,other
FOODBASE01648,other
FOODBASE01649,other
FOODBASE01650,other
FOODBASE01651,other
FOODBASE01652,other
FOODBASE01653,other
FOODBASE01654,other
FOODBASE01655,other
FOODBASE01656,other
FOODBASE01657,other
FOODBASE01658,other
FOODBASE01659,other
FOODBASE01660,other
FOODBASE01661,other
FOODBASE01662,dairy
FOODBASE01663,other
FOODBASE01664,other
FOODBASE01665,other
FOODBASE01666,other
FOODBASE01667,other
FOODBASE01668,other
FOODBASE01669,other
FOODBASE01670,dairy
FOODBASE01671,other
FOODBASE01672,other
FOODBASE01673,other
FOODBASE01674,other
FOODBASE01675,other
FOODBASE01676,other
FOODBASE01677,other
FOODBASE01678,other
FOODBASE01679,other
FOODBASE01680,other
FOODBASE01681,dairy
FOODBASE01682,dairy
FOODBASE01683,other
FOODBASE01684,other
FOODBASE01685,other
FOODBASE01686,other
FOODBASE01687,other
FOODBASE01688,other
FOODBASE01689,other
FOODBASE01690,other
FOODBASE01691,other
FOODBASE01692,other
FOODBASE01693,dairy
FOODBASE01694,other
FOODBASE01695,other
FOODBASE01696,other
FOODBASE01697,other
FOODBASE01698,other
FOODBASE01699,other
FOODBASE01700,other
FOODBASE01701,other
FOODBASE01702,other
FOODBASE01703,other
FOODBASE01704,other
FOODBASE01705,other
FOODBASE01706,other
FOODBASE01707,other
FOODBASE01708,other
FOODBASE01709,other
FOODBASE01710,other
FOODBASE01711,other
FOODBASE01712,other
FOODBASE01713,dairy
FOODBASE01714,other
FOODBASE01715,other
FOODBASE01716,other
FOODBASE01717,dairy
FOODBASE01718,other
FOODBASE01719,other
FOODBASE01720,other
FOODBASE01721,other
FOODBASE01722,other
FOODBASE01723,other
FOODBASE01724,other
FOODBASE01725,other
FOODBASE01726,other
FOODBASE01727,other
FOODBASE01728,other
FOODBASE01729,other
FOODBASE01730,other
FOODBASE01731,other
FOODBASE01732,other
FOODBASE01733,other
FOODBASE01734,other
FOODBASE01735,other
FOODBASE01736,other
FOODBASE01737,other
FOODBASE01738,other
FOODBASE01739,other
FOODBASE01740,other
FOODBASE01741,other
FOODBASE01742,other
FOODBASE01743,other
FOODBASE01744,other
FOODBASE01745,other
FOODBASE01746,nuts_seeds
FOODBASE01747,dairy
FOODBASE01748,nuts_seeds
FOODBASE01749,sweets
FOODBASE01750,sweets
FOODBASE01751,other
FOODBASE01752,other
FOODBASE01753,sweets
FOODBASE01754,sweets
FOODBASE01755,sweets
FOODBASE01756,sweets
FOODBASE01757,other
FOODBASE01758,other
FOODBASE01759,sweets
FOODBASE01760,other
FOODBASE01761,sweets
FOODBASE01762,nuts_seeds
FOODBASE01763,nuts_seeds
FOODBASE01764,sweets
FOODBASE01765,other
FOODBASE01766,other
FOODBASE01767,dairy
FOODBASE01768,sweets
FOODBASE01769,dairy
FOODBASE01770,sweets
FOODBASE01771,sweets
FOODBASE01772,beverages
FOODBASE01773,sweets
FOODBASE01774,sweets
FOODBASE01775,other
FOODBASE01776,other
FOODBASE01777,other
FOODBASE01778,sweets
FOODBASE01779,other
FOODBASE01780,sweets
FOODBASE01781,sweets
FOODBASE01782,nuts_seeds
FOODBASE01783,nuts_seeds
FOODBASE01784,nuts_seeds
FOODBASE01785,other
FOODBASE01786,dairy
FOODBASE01787,dairy
FOODBASE01788,sweets
FOODBASE01789,other
FOODBASE01790,sweets
FOODBASE01791,other
FOODBASE01792,other
FOODBASE01793,nuts_seeds
FOODBASE01794,nuts_seeds
FOODBASE01795,sweets
FOODBASE01796,sweets
FOODBASE01797,other
FOODBASE01798,sweets
FOODBASE01799,sweets
FOODBASE01800,sweets
FOODBASE01801,dairy
FOODBASE01802,other
FOODBASE01803,other
FOODBASE01804,sweets
FOODBASE01805,sweets
FOODBASE01806,sweets
FOODBASE01807,sweets
FOODBASE01808,sweets
FOODBASE01809,other
FOODBASE01810,sweets
FOODBASE01811,sweets
FOODBASE01812,sweets
FOODBASE01813,sweets
FOODBASE01814,nuts_seeds
FOODBASE01815,sweets
FOODBASE01816,sweets
FOODBASE01817,dairy
FOODBASE01818,other
FOODBASE01819,other
FOODBASE01820,nuts_seeds
FOODBASE01821,other
FOODBASE01822,other
FOODBASE01823,other
FOODBASE01824,other
FOODBASE01825,other
FOODBASE01826,other
FOODBASE01827,vegetables
FOODBASE01828,other
FOODBASE01829,other
FOODBASE01830,other
FOODBASE01831,other
FOODBASE01832,other
FOODBASE01833,other
FOODBASE01834,other
FOODBASE01835,vegetables
FOODBASE01836,vegetables
FOODBASE01837,other
FOODBASE01838,other
FOODBASE01839,grains
FOODBASE01840,vegetables
FOODBASE01841,vegetables
FOODBASE01842,vegetables
FOODBASE01843,vegetables
FOODBASE01844,other
FOODBASE01845,other
FOODBASE01846,other
FOODBASE01847,dairy
FOODBASE01848,vegetables
FOODBASE01849,other
FOODBASE01850,other
FOODBASE01851,dairy
FOODBASE01852,sweets
FOODBASE01853,vegetables
FOODBASE01854,vegetables
FOODBASE01855,other
FOODBASE01856,vegetables
FOODBASE01857,vegetables
FOODBASE01858,other
FOODBASE01859,other
FOODBASE01860,other
FOODBASE01861,other
FOODBASE01862,grains
FOODBASE01863,other
FOODBASE01864,other
FOODBASE01865,other
FOODBASE01866,other
FOODBASE01867,other
FOODBASE01868,other
FOODBASE01869,other
FOODBASE01870,other
FOODBASE01871,other
FOODBASE01872,other
FOODBASE01873,other
FOODBASE01874,other
FOODBASE01875,other
FOODBASE01876,vegetables
FOODBASE01877,other
FOODBASE01878,other
FOODBASE01879,other
FOODBASE01880,other
FOODBASE01881,sweets
FOODBASE01882,other
FOODBASE01883,other
FOODBASE01884,other
FOODBASE01885,dairy
FOODBASE01886,vegetables
FOODBASE01887,vegetables
FOODBASE01888,dairy
FOODBASE01889,other
FOODBASE01890,vegetables
FOODBASE01891,other
FOODBASE01892,other
FOODBASE01893,other
FOODBASE01894,other
FOODBASE01895,other
FOODBASE01896,other
FOODBASE01897,other
FOODBASE01898,other
FOODBASE01899,other
FOODBASE01900,other
FOODBASE01901,other
FOODBASE01902,other
FOODBASE01903,grains
FOODBASE01904,grains
FOODBASE01905,grains
FOODBASE01906,other
FOODBASE01907,other
FOODBASE01908,other
FOODBASE01909,other
FOODBASE01910,other
FOODBASE01911,other
FOODBASE01912,other
FOODBASE01913,other
FOODBASE01914,other
FOODBASE01915,other
FOODBASE01916,other
FOODBASE01917,vegetables
FOODBASE01918,other
FOODBASE01919,other
FOODBASE01920,vegetables
FOODBASE01921,vegetables
FOODBASE01922,other
FOODBASE01923,other
FOODBASE01924,other
FOODBASE01925,other
FOODBASE01926,other
FOODBASE01927,other
FOODBASE01928,other
FOODBASE01929,other
FOODBASE01930,other
FOODBASE01931,other
FOODBASE01932,other
FOODBASE01933,other
FOODBASE01934,vegetables
FOODBASE01935,other
FOODBASE01936,other
FOODBASE01937,vegetables
FOODBASE01938,dairy
FOODBASE01939,other
FOODBASE01940,other
FOODBASE01941,other
FOODBASE01942,other
FOODBASE01943,vegetables
FOODBASE01944,other
FOODBASE01945,other
FOODBASE01946,other
FOODBASE01947,other
FOODBASE01948,other
FOODBASE01949,other
FOODBASE01950,other
FOODBASE01951,condiments
FOODBASE01952,other
FOODBASE01953,other
FOODBASE01954,condiments
FOODBASE01955,vegetables
FOODBASE01956,vegetables
FOODBASE01957,vegetables
FOODBASE01958,other
FOODBASE01959,other
FOODBASE01960,vegetables
FOODBASE01961,vegetables
FOODBASE01962,vegetables
FOODBASE01963,vegetables
FOODBASE01964,vegetables
FOODBASE01965,other
FOODBASE01966,other
FOODBASE01967,other
FOODBASE01968,vegetables
FOODBASE01969,grains
FOODBASE01970,grains
FOODBASE01971,grains
FOODBASE01972,vegetables
FOODBASE01973,vegetables
FOODBASE01974,vegetables
FOODBASE01975,vegetables
FOODBASE01976,vegetables
FOODBASE01977,other
FOODBASE01978,other
FOODBASE01979,other
FOODBASE01980,other
FOODBASE01981,other
FOODBASE01982,other
FOODBASE01983,other
FOODBASE01984,vegetables
FOODBASE01985,vegetables
FOODBASE01986,vegetables
FOODBASE01987,vegetables
FOODBASE01988,vegetables
FOODBASE01989,vegetables
FOODBASE01990,vegetables
FOODBASE01991,vegetables
FOODBASE01992,vegetables
FOODBASE01993,vegetables
FOODBASE01994,vegetables
FOODBASE01995,vegetables
FOODBASE01996,vegetables
FOODBASE01997,vegetables
FOODBASE01998,vegetables
FOODBASE01999,other
FOODBASE02000,grains
FOODBASE02001,other
FOODBASE02002,other
FOODBASE02003,other
FOODBASE02004,other
FOODBASE02005,other
FOODBASE02006,other
FOODBASE02007,other
FOODBASE02008,other
FOODBASE02009,other
FOODBASE02010,other
FOODBASE02011,other
FOODBASE02012,nuts_seeds
FOODBASE02013,other
FOODBASE02014,other
FOODBASE02015,other
FOODBASE02016,grains
FOODBASE02017,grains
FOODBASE02018,grains
FOODBASE02019,grains
FOODBASE02020,other
FOODBASE02021,vegetables
FOODBASE02022,other
FOODBASE02023,vegetables
FOODBASE02024,vegetables
FOODBASE02025,other
FOODBASE02026,grains
FOODBASE02027,grains
FOODBASE02028,other
FOODBASE02029,other
FOODBASE02030,other
FOODBASE02031,other
FOODBASE02032,other
FOODBASE02033,vegetables
FOODBASE02034,other
FOODBASE02035,other
FOODBASE02036,other
FOODBASE02037,other
FOODBASE02038,other
FOODBASE02039,vegetables
FOODBASE02040,grains
FOODBASE02041,grains
FOODBASE02042,grains
FOODBASE02043,vegetables
FOODBASE02044,vegetables
FOODBASE02045,vegetables
FOODBASE02046,other
FOODBASE02047,grains
FOODBASE02048,other
FOODBASE02049,other
FOODBASE02050,other
FOODBASE02051,other
FOODBASE02052,other
FOODBASE02053,other
FOODBASE02054,other
FOODBASE02055,vegetables
FOODBASE02056,vegetables
FOODBASE02057,other
FOODBASE02058,other
FOODBASE02059,other
FOODBASE02060,other
FOODBASE02061,sweets
FOODBASE02062,sweets
FOODBASE02063,other
FOODBASE02064,vegetables
FOODBASE02065,vegetables
FOODBASE02066,vegetables
FOODBASE02067,vegetables
FOODBASE02068,vegetables
FOODBASE02069,vegetables
FOODBASE02070,vegetables
FOODBASE02071,vegetables
FOODBASE02072,vegetables
FOODBASE02073,vegetables
FOODBASE02074,vegetables
FOODBASE02075,vegetables
FOODBASE02076,vegetables
FOODBASE02077,vegetables
FOODBASE02078,vegetables
FOODBASE02079,other
FOODBASE02080,other
FOODBASE02081,other
FOODBASE02082,other
FOODBASE02083,beverages
FOODBASE02084,beverages
FOODBASE02085,beverages
FOODBASE02086,other
FOODBASE02087,beverages
FOODBASE02088,other
FOODBASE02089,other
FOODBASE02090,dairy
FOODBASE02091,other
FOODBASE02092,other
FOODBASE02093,other
FOODBASE02094,other
FOODBASE02095,other
FOODBASE02096,vegetables
FOODBASE02097,other
FOODBASE02098,other
FOODBASE02099,nuts_seeds
FOODBASE02100,other
FOODBASE02101,other
FOODBASE02102,other
FOODBASE02103,grains
FOODBASE02104,other
FOODBASE02105,other
FOODBASE02106,beverages
FOODBASE02107,other
FOODBASE02108,other
FOODBASE02109,dairy
FOODBASE02110,other
FOODBASE02111,other
FOODBASE02112,other
FOODBASE02113,vegetables
FOODBASE02114,dairy
FOODBASE02115,grains
FOODBASE02116,other
