food_id,canonical_food_id,variant_flavor,variant_prep,variant_protein
FOOD000001,FOODBASE00001,,,
FOOD000002,FOODBASE00002,,,
FOOD000003,FOODBASE00003,,,
FOOD000004,FOODBASE00004,,,
FOOD000005,FOODBASE00005,coffee,,
FOOD000006,FOODBASE00006,,,
FOOD000007,FOODBASE00007,,,
FOOD000008,FOODBASE00008,chocolate,,
FOOD000009,FOODBASE00009,,raw,
FOOD000010,FOODBASE00010,,,
FOOD000011,FOODBASE00011,lime,,
FOOD000012,FOODBASE00012,,,
FOOD000013,FOODBASE00013,,,
FOOD000014,FOODBASE00014,,,
FOOD000015,FOODBASE00015,chocolate,,
FOOD000016,FOODBASE00016,coffee,,
FOOD000017,FOODBASE00017,coffee,,
FOOD000018,FOODBASE00018,coffee,,
FOOD000019,FOODBASE00019,,,
FOOD000020,FOODBASE00020,,,
FOOD000021,FOODBASE00021,,,
FOOD000022,FOODBASE00022,,grilled,
FOOD000023,FOODBASE00023,vanilla,,
FOOD000024,FOODBASE00024,,,
FOOD000025,FOODBASE00025,,,
FOOD000026,FOODBASE00026,vanilla,,
FOOD000027,FOODBASE00027,,,
FOOD000028,FOODBASE00028,,,
FOOD000029,FOODBASE00029,coffee,,
FOOD000030,FOODBASE00030,,,
FOOD000031,FOODBASE00031,,,
FOOD000032,FOODBASE00032,,,
FOOD000033,FOODBASE00033,,,
FOOD000034,FOODBASE00034,,,
FOOD000035,FOODBASE00035,,,
FOOD000036,FOODBASE00036,,,
FOOD000037,FOODBASE00037,coffee,,
FOOD000038,FOODBASE00038,coffee,,
FOOD000039,FOODBASE00039,,,
FOOD000040,FOODBASE00040,,,
FOOD000041,FOODBASE00041,cherry,,
FOOD000042,FOODBASE00042,,,
FOOD000043,FOODBASE00043,,,
FOOD000044,FOODBASE00044,lemon,,
FOOD000045,FOODBASE00045,,,
FOOD000046,FOODBASE00046,,,
FOOD000047,FOODBASE00047,,,
FOOD000048,FOODBASE00048,,,
FOOD000049,FOODBASE00049,,,
FOOD000050,FOODBASE00050,,,
FOOD000051,FOODBASE00051,,,
FOOD000052,FOODBASE00052,,,
FOOD000053,FOODBASE00053,,,
FOOD000054,FOODBASE00054,,,
FOOD000055,FOODBASE00055,,,
FOOD000056,FOODBASE00056,,,
FOOD000057,FOODBASE00057,,,
FOOD000058,FOODBASE00058,chocolate,,
FOOD000059,FOODBASE00059,,,
FOOD000060,FOODBASE00060,,,
FOOD000061,FOODBASE00061,,,
FOOD000062,FOODBASE00062,,,
FOOD000063,FOODBASE00063,,,
FOOD000064,FOODBASE00064,,,
FOOD000065,FOODBASE00065,,,
FOOD000066,FOODBASE00066,,,
FOOD000067,FOODBASE00067,,,
FOOD000068,FOODBASE00068,,,
FOOD000069,FOODBASE00069,,,
FOOD000070,FOODBASE00070,,,
FOOD000071,FOODBASE00071,,,
FOOD000072,FOODBASE00072,,,
FOOD000073,FOODBASE00073,,,
FOOD000074,FOODBASE00074,,,
FOOD000075,FOODBASE00075,,,
FOOD000076,FOODBASE00076,,,
FOOD000077,FOODBASE00077,,,
FOOD000078,FOODBASE00078,,,
FOOD000079,FOODBASE00079,,,
FOOD000080,FOODBASE00080,lime,,
FOOD000081,FOODBASE00081,,,
FOOD000082,FOODBASE00082,,,
FOOD000083,FOODBASE00083,,,
FOOD000084,FOODBASE00084,,,
FOOD000085,FOODBASE00085,,,
FOOD000086,FOODBASE00086,,,
FOOD000087,FOODBASE00087,,,
FOOD000088,FOODBASE00087,,,
FOOD000089,FOODBASE00088,,,
FOOD000090,FOODBASE00089,,,
FOOD000091,FOODBASE00090,,,
FOOD000092,FOODBASE00091,,,
FOOD000093,FOODBASE00092,,,
FOOD000094,FOODBASE00093,banana,,
FOOD000095,FOODBASE00094,,,
FOOD000096,FOODBASE00095,,,
FOOD000097,FOODBASE00096,,,
FOOD000098,FOODBASE00097,,,
FOOD000099,FOODBASE00098,,,
FOOD000100,FOODBASE00099,,,
FOOD000101,FOODBASE00100,,baked,
FOOD000102,FOODBASE00101,,,
FOOD000103,FOODBASE00102,,,
FOOD000104,FOODBASE00103,,,
FOOD000105,FOODBASE00104,,,
FOOD000106,FOODBASE00105,,,
FOOD000107,FOODBASE00105,,,
FOOD000108,FOODBASE00106,,,
FOOD000109,FOODBASE00107,,,
FOOD000110,FOODBASE00108,,,
FOOD000111,FOODBASE00109,,,
FOOD000112,FOODBASE00110,,,
FOOD000113,FOODBASE00111,,,
FOOD000114,FOODBASE00112,,,
FOOD000115,FOODBASE00113,,,
FOOD000116,FOODBASE00114,,,
FOOD000117,FOODBASE00115,,,
FOOD000118,FOODBASE00116,chocolate,,
FOOD000119,FOODBASE00117,,,
FOOD000120,FOODBASE00118,,,
FOOD000121,FOODBASE00119,,,
FOOD000122,FOODBASE00120,,,
FOOD000123,FOODBASE00121,,,
FOOD000124,FOODBASE00122,,,
FOOD000125,FOODBASE00123,,,
FOOD000126,FOODBASE00124,,,
FOOD000127,FOODBASE00125,,,
FOOD000128,FOODBASE00126,,baked,
FOOD000129,FOODBASE00127,,,
FOOD000130,FOODBASE00128,,,
FOOD000131,FOODBASE00129,,,
FOOD000132,FOODBASE00130,,,
FOOD000133,FOODBASE00131,,,
FOOD000134,FOODBASE00132,,,
FOOD000135,FOODBASE00133,,,
FOOD000136,FOODBASE00134,,,
FOOD000137,FOODBASE00135,,,
FOOD000138,FOODBASE00136,chocolate,,
FOOD000139,FOODBASE00137,chocolate,,
FOOD000140,FOODBASE00138,chocolate,,
FOOD000141,FOODBASE00139,chocolate,,
FOOD000142,FOODBASE00140,coffee,,
FOOD000143,FOODBASE00141,,,
FOOD000144,FOODBASE00142,,,
FOOD000145,FOODBASE00143,,,
FOOD000146,FOODBASE00144,,,
FOOD000147,FOODBASE00145,,,
FOOD000148,FOODBASE00146,coffee,,
FOOD000149,FOODBASE00147,,,
FOOD000150,FOODBASE00148,,,
FOOD000151,FOODBASE00149,,,
FOOD000152,FOODBASE00150,apple,,
FOOD000153,FOODBASE00151,,raw,
FOOD000154,FOODBASE00151,,raw,
FOOD000155,FOODBASE00152,peach,,
FOOD000156,FOODBASE00153,mango,,
FOOD000157,FOODBASE00154,,,
FOOD000158,FOODBASE00154,,,
FOOD000159,FOODBASE00155,,,
FOOD000160,FOODBASE00156,,fried,
FOOD000161,FOODBASE00157,,,
FOOD000162,FOODBASE00158,,,
FOOD000163,FOODBASE00159,,,
FOOD000164,FOODBASE00160,,,
FOOD000165,FOODBASE00161,,,
FOOD000166,FOODBASE00162,,raw,
FOOD000167,FOODBASE00163,,,
FOOD000168,FOODBASE00164,,,
FOOD000169,FOODBASE00165,,,
FOOD000170,FOODBASE00166,caramel,,
FOOD000171,FOODBASE00167,,,
FOOD000172,FOODBASE00168,,,
FOOD000173,FOODBASE00169,,,
FOOD000174,FOODBASE00170,,,
FOOD000175,FOODBASE00171,,,
FOOD000176,FOODBASE00172,,,
FOOD000177,FOODBASE00173,,,
FOOD000178,FOODBASE00174,chocolate,,
FOOD000179,FOODBASE00175,,,
FOOD000180,FOODBASE00176,,,
FOOD000181,FOODBASE00177,,,
FOOD000182,FOODBASE00178,,,
FOOD000183,FOODBASE00179,,,
FOOD000184,FOODBASE00180,,,
FOOD000185,FOODBASE00181,,,
FOOD000186,FOODBASE00182,peanut,,
FOOD000187,FOODBASE00183,,,
FOOD000188,FOODBASE00184,,,
FOOD000189,FOODBASE00185,,,
FOOD000190,FOODBASE00185,,,
FOOD000191,FOODBASE00186,,,
FOOD000192,FOODBASE00187,,,
FOOD000193,FOODBASE00188,,,
FOOD000194,FOODBASE00189,,,
FOOD000195,FOODBASE00190,,,
FOOD000196,FOODBASE00191,,,
FOOD000197,FOODBASE00192,,,
FOOD000198,FOODBASE00193,,,
FOOD000199,FOODBASE00194,,,
FOOD000200,FOODBASE00195,,,
FOOD000201,FOODBASE00196,,,
FOOD000202,FOODBASE00197,strawberry,,
FOOD000203,FOODBASE00198,strawberry,,
FOOD000204,FOODBASE00199,,,
FOOD000205,FOODBASE00200,,,
FOOD000206,FOODBASE00201,,,
FOOD000207,FOODBASE00202,,,
FOOD000208,FOODBASE00203,,,
FOOD000209,FOODBASE00204,,,
FOOD000210,FOODBASE00205,,baked,
FOOD000211,FOODBASE00206,,,
FOOD000212,FOODBASE00207,,,
FOOD000213,FOODBASE00208,,,
FOOD000214,FOODBASE00209,,,
FOOD000215,FOODBASE00210,,,
FOOD000216,FOODBASE00211,,,
FOOD000217,FOODBASE00212,,,
FOOD000218,FOODBASE00213,,,
FOOD000219,FOODBASE00214,,,
FOOD000220,FOODBASE00215,chocolate,,
FOOD000221,FOODBASE00216,mango,,
FOOD000222,FOODBASE00217,,,
FOOD000223,FOODBASE00218,,,
FOOD000224,FOODBASE00219,,,
FOOD000225,FOODBASE00220,,,
FOOD000226,FOODBASE00221,chocolate,dried,
FOOD000227,FOODBASE00222,,,
FOOD000228,FOODBASE00223,,,
FOOD000229,FOODBASE00224,chocolate,,
FOOD000230,FOODBASE00225,chocolate,,
FOOD000231,FOODBASE00226,chocolate,,
FOOD000232,FOODBASE00227,chocolate,,
FOOD000233,FOODBASE00228,chocolate,,
FOOD000234,FOODBASE00229,chocolate,,
FOOD000235,FOODBASE00230,,,
FOOD000236,FOODBASE00231,chocolate,,
FOOD000237,FOODBASE00232,,,
FOOD000238,FOODBASE00233,,raw,
FOOD000239,FOODBASE00234,,,
FOOD000240,FOODBASE00235,,,
FOOD000241,FOODBASE00236,,,
FOOD000242,FOODBASE00237,,,
FOOD000243,FOODBASE00238,,,
FOOD000244,FOODBASE00239,,,
FOOD000245,FOODBASE00240,,,
FOOD000246,FOODBASE00241,,,
FOOD000247,FOODBASE00242,,,
FOOD000248,FOODBASE00243,,,
FOOD000249,FOODBASE00244,,,
FOOD000250,FOODBASE00245,,,
FOOD000251,FOODBASE00246,,,
FOOD000252,FOODBASE00247,,baked,
FOOD000253,FOODBASE00248,,,
FOOD000254,FOODBASE00249,,,
FOOD000255,FOODBASE00250,,,
FOOD000256,FOODBASE00251,,,
FOOD000257,FOODBASE00252,,,
FOOD000258,FOODBASE00253,,,
FOOD000259,FOODBASE00254,,,
FOOD000260,FOODBASE00255,lemon,,
FOOD000261,FOODBASE00256,,,
FOOD000262,FOODBASE00257,,,
FOOD000263,FOODBASE00258,,,
FOOD000264,FOODBASE00259,chocolate,,
FOOD000265,FOODBASE00260,,,
FOOD000266,FOODBASE00261,,,
FOOD000267,FOODBASE00262,,cooked,
FOOD000268,FOODBASE00263,,,
FOOD000269,FOODBASE00264,,,
FOOD000270,FOODBASE00265,,,
FOOD000271,FOODBASE00266,,,
FOOD000272,FOODBASE00266,,,
FOOD000273,FOODBASE00267,,,
FOOD000274,FOODBASE00267,,,
FOOD000275,FOODBASE00268,,baked,
FOOD000276,FOODBASE00269,,,
FOOD000277,FOODBASE00270,,,
FOOD000278,FOODBASE00271,,,
FOOD000279,FOODBASE00272,,,
FOOD000280,FOODBASE00273,,,
FOOD000281,FOODBASE00274,strawberry,,
FOOD000282,FOODBASE00275,cherry,,
FOOD000283,FOODBASE00274,blueberry,,
FOOD000284,FOODBASE00276,,,
FOOD000285,FOODBASE00277,chocolate,,
FOOD000286,FOODBASE00277,coffee,,
FOOD000287,FOODBASE00278,lime,,
FOOD000288,FOODBASE00279,chocolate,,
FOOD000289,FOODBASE00280,,,
FOOD000290,FOODBASE00279,vanilla,,
FOOD000291,FOODBASE00281,,,
FOOD000292,FOODBASE00282,,,
FOOD000293,FOODBASE00274,peach,,
FOOD000294,FOODBASE00283,,,
FOOD000295,FOODBASE00284,,,
FOOD000296,FOODBASE00285,,,
FOOD000297,FOODBASE00286,,,
FOOD000298,FOODBASE00287,,,
FOOD000299,FOODBASE00274,raspberry,,
FOOD000300,FOODBASE00274,strawberry,,
FOOD000301,FOODBASE00288,,,
FOOD000302,FOODBASE00277,vanilla,,
FOOD000303,FOODBASE00289,vanilla,,
FOOD000304,FOODBASE00290,vanilla,,
FOOD000305,FOODBASE00291,vanilla,,
FOOD000306,FOODBASE00292,,,
FOOD000307,FOODBASE00293,,,
FOOD000308,FOODBASE00294,vanilla,,
FOOD000309,FOODBASE00295,,,
FOOD000310,FOODBASE00296,,,
FOOD000311,FOODBASE00297,,,
FOOD000312,FOODBASE00298,,,
FOOD000313,FOODBASE00299,,,
FOOD000314,FOODBASE00300,,,
FOOD000315,FOODBASE00301,,,
FOOD000316,FOODBASE00302,,,
FOOD000317,FOODBASE00303,chocolate,,
FOOD000318,FOODBASE00304,,,
FOOD000319,FOODBASE00305,,,
FOOD000320,FOODBASE00137,strawberry,,
FOOD000321,FOODBASE00306,,,
FOOD000322,FOODBASE00307,,,
FOOD000323,FOODBASE00308,,,
FOOD000324,FOODBASE00309,,,
FOOD000325,FOODBASE00310,,,
FOOD000326,FOODBASE00311,,,
FOOD000327,FOODBASE00312,,raw,
FOOD000328,FOODBASE00313,,,
FOOD000329,FOODBASE00314,,,
FOOD000330,FOODBASE00315,,,
FOOD000331,FOODBASE00316,,,
FOOD000332,FOODBASE00317,,,
FOOD000333,FOODBASE00318,,,
FOOD000334,FOODBASE00319,,,
FOOD000335,FOODBASE00320,,,
FOOD000336,FOODBASE00321,,,
FOOD000337,FOODBASE00322,,,
FOOD000338,FOODBASE00323,,,
FOOD000339,FOODBASE00324,strawberry,,
FOOD000340,FOODBASE00325,,,
FOOD000341,FOODBASE00326,,,
FOOD000342,FOODBASE00327,,,
FOOD000343,FOODBASE00328,,,
FOOD000344,FOODBASE00329,,,
FOOD000345,FOODBASE00330,,,
FOOD000346,FOODBASE00331,strawberry,,
FOOD000347,FOODBASE00332,,,
FOOD000348,FOODBASE00333,,,
FOOD000349,FOODBASE00334,,,
FOOD000350,FOODBASE00335,,,
FOOD000351,FOODBASE00336,,,
FOOD000352,FOODBASE00337,,,
FOOD000353,FOODBASE00337,,,
FOOD000354,FOODBASE00337,,,
FOOD000355,FOODBASE00338,,,
FOOD000356,FOODBASE00338,,,
FOOD000357,FOODBASE00339,,,
FOOD000358,FOODBASE00340,,,
FOOD000359,FOODBASE00341,,,
FOOD000360,FOODBASE00342,,,
FOOD000361,FOODBASE00343,,,
FOOD000362,FOODBASE00344,vanilla,,
FOOD000363,FOODBASE00345,,,
FOOD000364,FOODBASE00346,,,
FOOD000365,FOODBASE00347,,baked,
FOOD000366,FOODBASE00348,,,
FOOD000367,FOODBASE00348,,,
FOOD000368,FOODBASE00348,,,
FOOD000369,FOODBASE00349,,,
FOOD000370,FOODBASE00350,,,
FOOD000371,FOODBASE00350,,,
FOOD000372,FOODBASE00351,,fried,
FOOD000373,FOODBASE00352,,,
FOOD000374,FOODBASE00353,apple,,
FOOD000375,FOODBASE00354,,fried,
FOOD000376,FOODBASE00355,chocolate,,
FOOD000377,FOODBASE00356,,,
FOOD000378,FOODBASE00357,,,
FOOD000379,FOODBASE00357,,,
FOOD000380,FOODBASE00357,,,
FOOD000381,FOODBASE00358,,,
FOOD000382,FOODBASE00359,,,
FOOD000383,FOODBASE00360,apple,,
FOOD000384,FOODBASE00361,apple,,
FOOD000385,FOODBASE00362,,,
FOOD000386,FOODBASE00359,,grilled,
FOOD000387,FOODBASE00359,,,
FOOD000388,FOODBASE00362,,,
FOOD000389,FOODBASE00363,apple,baked,
FOOD000390,FOODBASE00364,,,
FOOD000391,FOODBASE00365,,,
FOOD000392,FOODBASE00365,,,
FOOD000393,FOODBASE00365,,,
FOOD000394,FOODBASE00366,,,
FOOD000395,FOODBASE00367,,,
FOOD000396,FOODBASE00367,,,
FOOD000397,FOODBASE00368,,,
FOOD000398,FOODBASE00369,,,
FOOD000399,FOODBASE00370,,,
FOOD000400,FOODBASE00370,,grilled,
FOOD000401,FOODBASE00370,,,
FOOD000402,FOODBASE00371,,,
FOOD000403,FOODBASE00372,,,
FOOD000404,FOODBASE00373,,,
FOOD000405,FOODBASE00374,chocolate,,
FOOD000406,FOODBASE00375,,,
FOOD000407,FOODBASE00376,,,
FOOD000408,FOODBASE00377,cinnamon,,
FOOD000409,FOODBASE00378,,,
FOOD000410,FOODBASE00379,,,
FOOD000411,FOODBASE00380,,,
FOOD000412,FOODBASE00381,,,
FOOD000413,FOODBASE00382,,,
FOOD000414,FOODBASE00382,,,
FOOD000415,FOODBASE00383,,,
FOOD000416,FOODBASE00384,,,
FOOD000417,FOODBASE00385,,,
FOOD000418,FOODBASE00385,,,
FOOD000419,FOODBASE00386,,,
FOOD000420,FOODBASE00387,,,
FOOD000421,FOODBASE00388,,,
FOOD000422,FOODBASE00389,caramel,,
FOOD000423,FOODBASE00390,,,
FOOD000424,FOODBASE00391,,,
FOOD000425,FOODBASE00392,,,
FOOD000426,FOODBASE00393,,,
FOOD000427,FOODBASE00394,,,
FOOD000428,FOODBASE00395,caramel,,
FOOD000429,FOODBASE00396,,,
FOOD000430,FOODBASE00397,chocolate,,
FOOD000431,FOODBASE00398,,,
FOOD000432,FOODBASE00399,,,
FOOD000433,FOODBASE00399,,,
FOOD000434,FOODBASE00400,,,
FOOD000435,FOODBASE00400,,,
FOOD000436,FOODBASE00400,,,
FOOD000437,FOODBASE00400,,,
FOOD000438,FOODBASE00401,,,
FOOD000439,FOODBASE00402,,,
FOOD000440,FOODBASE00402,,,
FOOD000441,FOODBASE00402,,,
FOOD000442,FOODBASE00403,,grilled,
FOOD000443,FOODBASE00403,,grilled,
FOOD000444,FOODBASE00403,,grilled,
FOOD000445,FOODBASE00404,,,
FOOD000446,FOODBASE00404,,,
FOOD000447,FOODBASE00405,,,
FOOD000448,FOODBASE00405,,,
FOOD000449,FOODBASE00406,,,
FOOD000450,FOODBASE00407,,,
FOOD000451,FOODBASE00408,,,
FOOD000452,FOODBASE00408,,,
FOOD000453,FOODBASE00409,,,
FOOD000454,FOODBASE00410,,,
FOOD000455,FOODBASE00411,,,
FOOD000456,FOODBASE00412,,,
FOOD000457,FOODBASE00413,,,
FOOD000458,FOODBASE00414,strawberry,,
FOOD000459,FOODBASE00374,strawberry,,
FOOD000460,FOODBASE00415,,,
FOOD000461,FOODBASE00416,,,
FOOD000462,FOODBASE00417,vanilla,,
FOOD000463,FOODBASE00374,vanilla,,
FOOD000464,FOODBASE00418,cinnamon,,
FOOD000465,FOODBASE00419,,,
FOOD000466,FOODBASE00420,,,
FOOD000467,FOODBASE00421,,,
FOOD000468,FOODBASE00422,,cooked,
FOOD000469,FOODBASE00423,,,
FOOD000470,FOODBASE00423,,,
FOOD000471,FOODBASE00423,,,
FOOD000472,FOODBASE00424,,,
FOOD000473,FOODBASE00424,,,
FOOD000474,FOODBASE00425,,,
FOOD000475,FOODBASE00423,,,
FOOD000476,FOODBASE00423,,,
FOOD000477,FOODBASE00423,,,
FOOD000478,FOODBASE00424,,,
FOOD000479,FOODBASE00424,,,
FOOD000480,FOODBASE00425,,,
FOOD000481,FOODBASE00426,,fried,
FOOD000482,FOODBASE00427,,,
FOOD000483,FOODBASE00428,strawberry,,
FOOD000484,FOODBASE00429,,,
FOOD000485,FOODBASE00430,,,
FOOD000486,FOODBASE00431,,,
FOOD000487,FOODBASE00432,,,
FOOD000488,FOODBASE00433,,,
FOOD000489,FOODBASE00434,,,
FOOD000490,FOODBASE00435,,,
FOOD000491,FOODBASE00435,,,
FOOD000492,FOODBASE00436,,,
FOOD000493,FOODBASE00437,,,
FOOD000494,FOODBASE00438,,,
FOOD000495,FOODBASE00439,,,
FOOD000496,FOODBASE00439,,,
FOOD000497,FOODBASE00440,,,
FOOD000498,FOODBASE00441,,,
FOOD000499,FOODBASE00442,,,
FOOD000500,FOODBASE00443,,raw,
FOOD000501,FOODBASE00444,,raw,
FOOD000502,FOODBASE00445,,,
FOOD000503,FOODBASE00446,,raw,
FOOD000504,FOODBASE00447,,raw,
FOOD000505,FOODBASE00448,,raw,
FOOD000506,FOODBASE00449,,raw,
FOOD000507,FOODBASE00450,,fried,
FOOD000508,FOODBASE00451,,,
FOOD000509,FOODBASE00452,,raw,
FOOD000510,FOODBASE00453,,steamed,
FOOD000511,FOODBASE00454,,,
FOOD000512,FOODBASE00455,,fried,
FOOD000513,FOODBASE00456,,fried,
FOOD000514,FOODBASE00457,,raw,
FOOD000515,FOODBASE00458,,raw,
FOOD000516,FOODBASE00459,,raw,
FOOD000517,FOODBASE00460,,raw,
FOOD000518,FOODBASE00461,,raw,
FOOD000519,FOODBASE00462,,steamed,
FOOD000520,FOODBASE00463,,,
FOOD000521,FOODBASE00464,,fried,
FOOD000522,FOODBASE00464,,fried,
FOOD000523,FOODBASE00465,,,
FOOD000524,FOODBASE00466,,,
FOOD000525,FOODBASE00467,,,
FOOD000526,FOODBASE00468,,,
FOOD000527,FOODBASE00469,,raw,
FOOD000528,FOODBASE00470,,steamed,
FOOD000529,FOODBASE00471,,raw,
FOOD000530,FOODBASE00472,,,
FOOD000531,FOODBASE00473,,raw,
FOOD000532,FOODBASE00474,,raw,
FOOD000533,FOODBASE00475,,raw,
FOOD000534,FOODBASE00476,,raw,
FOOD000535,FOODBASE00477,,dried,
FOOD000536,FOODBASE00478,,dried,
FOOD000537,FOODBASE00479,,raw,
FOOD000538,FOODBASE00480,,raw,
FOOD000539,FOODBASE00481,,raw,
FOOD000540,FOODBASE00482,,raw,
FOOD000541,FOODBASE00483,,steamed,
FOOD000542,FOODBASE00484,,raw,
FOOD000543,FOODBASE00485,,raw,
FOOD000544,FOODBASE00486,,raw,
FOOD000545,FOODBASE00487,,raw,
FOOD000546,FOODBASE00488,,raw,
FOOD000547,FOODBASE00489,,raw,
FOOD000548,FOODBASE00490,,baked,
FOOD000549,FOODBASE00491,,raw,
FOOD000550,FOODBASE00492,,raw,
FOOD000551,FOODBASE00493,,raw,
FOOD000552,FOODBASE00494,,raw,
FOOD000553,FOODBASE00495,,raw,
FOOD000554,FOODBASE00496,,raw,
FOOD000555,FOODBASE00497,,,
FOOD000556,FOODBASE00498,orange,raw,
FOOD000557,FOODBASE00499,,raw,
FOOD000558,FOODBASE00500,,steamed,
FOOD000559,FOODBASE00501,,cooked,
FOOD000560,FOODBASE00502,,raw,
FOOD000561,FOODBASE00503,,raw,
FOOD000562,FOODBASE00504,,raw,
FOOD000563,FOODBASE00505,,raw,
FOOD000564,FOODBASE00506,,raw,
FOOD000565,FOODBASE00507,,raw,
FOOD000566,FOODBASE00508,,fried,
FOOD000567,FOODBASE00509,,raw,
FOOD000568,FOODBASE00510,,raw,
FOOD000569,FOODBASE00511,,raw,
FOOD000570,FOODBASE00512,,raw,
FOOD000571,FOODBASE00513,,,
FOOD000572,FOODBASE00514,,dried,
FOOD000573,FOODBASE00515,,raw,
FOOD000574,FOODBASE00516,,raw,
FOOD000575,FOODBASE00517,,raw,
FOOD000576,FOODBASE00518,,raw,
FOOD000577,FOODBASE00519,,raw,
FOOD000578,FOODBASE00520,,raw,
FOOD000579,FOODBASE00521,,raw,
FOOD000580,FOODBASE00522,,,
FOOD000581,FOODBASE00523,,raw,
FOOD000582,FOODBASE00524,,raw,
FOOD000583,FOODBASE00525,,raw,
FOOD000584,FOODBASE00526,,raw,
FOOD000585,FOODBASE00527,,raw,
FOOD000586,FOODBASE00528,,,
FOOD000587,FOODBASE00529,,,
FOOD000588,FOODBASE00530,,,
FOOD000589,FOODBASE00531,,,
FOOD000590,FOODBASE00532,,raw,
FOOD000591,FOODBASE00533,,raw,
FOOD000592,FOODBASE00534,,dried,
FOOD000593,FOODBASE00535,,raw,
FOOD000594,FOODBASE00536,,raw,
FOOD000595,FOODBASE00537,,raw,
FOOD000596,FOODBASE00538,blueberry,,
FOOD000597,FOODBASE00539,cinnamon,,
FOOD000598,FOODBASE00540,cinnamon,,
FOOD000599,FOODBASE00541,raspberry,,
FOOD000600,FOODBASE00542,,,
FOOD000601,FOODBASE00543,,raw,
FOOD000602,FOODBASE00544,cherry,raw,
FOOD000603,FOODBASE00545,,raw,
FOOD000604,FOODBASE00546,,,
FOOD000605,FOODBASE00547,apple,dried,
FOOD000606,FOODBASE00548,apple,,
FOOD000607,FOODBASE00549,apple,,
FOOD000608,FOODBASE00550,apple,baked,
FOOD000609,FOODBASE00551,,,
FOOD000610,FOODBASE00552,,dried,
FOOD000611,FOODBASE00553,,,
FOOD000612,FOODBASE00554,,dried,
FOOD000613,FOODBASE00555,,,
FOOD000614,FOODBASE00556,,dried,
FOOD000615,FOODBASE00557,blueberry,,
FOOD000616,FOODBASE00558,,,
FOOD000617,FOODBASE00559,,raw,
FOOD000618,FOODBASE00560,,,
FOOD000619,FOODBASE00561,apple,baked,high protein
FOOD000620,FOODBASE00562,,raw,
FOOD000621,FOODBASE00563,banana,dried,
FOOD000622,FOODBASE00564,banana,,
FOOD000623,FOODBASE00565,banana,raw,
FOOD000624,FOODBASE00566,,raw,
FOOD000625,FOODBASE00567,,raw,
FOOD000626,FOODBASE00568,,,
FOOD000627,FOODBASE00569,,,
FOOD000628,FOODBASE00570,,raw,
FOOD000629,FOODBASE00571,,,
FOOD000630,FOODBASE00572,,,
FOOD000631,FOODBASE00573,,baked,
FOOD000632,FOODBASE00574,,raw,
FOOD000633,FOODBASE00575,blueberry,raw,
FOOD000634,FOODBASE00576,,,
FOOD000635,FOODBASE00577,,,
FOOD000636,FOODBASE00578,,raw,
FOOD000637,FOODBASE00579,,,
FOOD000638,FOODBASE00580,orange,,
FOOD000639,FOODBASE00581,,,
FOOD000640,FOODBASE00582,,,
FOOD000641,FOODBASE00583,,raw,
FOOD000642,FOODBASE00584,,raw,
FOOD000643,FOODBASE00585,,,
FOOD000644,FOODBASE00586,,,
FOOD000645,FOODBASE00587,,raw,
FOOD000646,FOODBASE00588,,raw,
FOOD000647,FOODBASE00589,,raw,
FOOD000648,FOODBASE00590,cherry,raw,
FOOD000649,FOODBASE00591,,raw,
FOOD000650,FOODBASE00592,,,
FOOD000651,FOODBASE00593,,,
FOOD000652,FOODBASE00594,,raw,
FOOD000653,FOODBASE00595,peach,,
FOOD000654,FOODBASE00596,peach,,
FOOD000655,FOODBASE00597,,raw,
FOOD000656,FOODBASE00598,,dried,
FOOD000657,FOODBASE00599,,raw,
FOOD000658,FOODBASE00600,,dried,
FOOD000659,FOODBASE00601,,raw,
FOOD000660,FOODBASE00602,,,
FOOD000661,FOODBASE00603,,,
FOOD000662,FOODBASE00604,,raw,
FOOD000663,FOODBASE00605,,,
FOOD000664,FOODBASE00606,apple,,
FOOD000665,FOODBASE00607,,,
FOOD000666,FOODBASE00608,,,
FOOD000667,FOODBASE00609,orange,,
FOOD000668,FOODBASE00610,,raw,
FOOD000669,FOODBASE00611,,dried,
FOOD000670,FOODBASE00612,apple,raw,
FOOD000671,FOODBASE00613,raspberry,,
FOOD000672,FOODBASE00614,,dried,
FOOD000673,FOODBASE00615,,,
FOOD000674,FOODBASE00616,orange,,
FOOD000675,FOODBASE00617,,raw,
FOOD000676,FOODBASE00618,,raw,
FOOD000677,FOODBASE00619,,raw,
FOOD000678,FOODBASE00620,,raw,
FOOD000679,FOODBASE00621,,dried,
FOOD000680,FOODBASE00622,,dried,
FOOD000681,FOODBASE00623,raspberry,dried,
FOOD000682,FOODBASE00624,,dried,
FOOD000683,FOODBASE00625,apple,,
FOOD000684,FOODBASE00626,peach,,
FOOD000685,FOODBASE00627,,,
FOOD000686,FOODBASE00628,,,
FOOD000687,FOODBASE00629,,,
FOOD000688,FOODBASE00630,,,
FOOD000689,FOODBASE00631,,,
FOOD000690,FOODBASE00632,,,
FOOD000691,FOODBASE00633,,,
FOOD000692,FOODBASE00634,,,
FOOD000693,FOODBASE00635,,,
FOOD000694,FOODBASE00636,banana,,
FOOD000695,FOODBASE00637,,,
FOOD000696,FOODBASE00638,,,
FOOD000697,FOODBASE00639,,raw,
FOOD000698,FOODBASE00640,,cooked,
FOOD000699,FOODBASE00641,,,
FOOD000700,FOODBASE00642,,,
FOOD000701,FOODBASE00643,,,
FOOD000702,FOODBASE00644,,,
FOOD000703,FOODBASE00645,,,
FOOD000704,FOODBASE00646,,,
FOOD000705,FOODBASE00647,,,
FOOD000706,FOODBASE00648,,raw,
FOOD000707,FOODBASE00649,,,
FOOD000708,FOODBASE00650,,raw,
FOOD000709,FOODBASE00651,,raw,
FOOD000710,FOODBASE00652,,raw,
FOOD000711,FOODBASE00653,,,
FOOD000712,FOODBASE00654,,,
FOOD000713,FOODBASE00655,,,
FOOD000714,FOODBASE00656,,cooked,
FOOD000715,FOODBASE00657,strawberry,raw,
FOOD000716,FOODBASE00658,,,
FOOD000717,FOODBASE00659,strawberry,,
FOOD000718,FOODBASE00660,,,
FOOD000719,FOODBASE00661,,raw,
FOOD000720,FOODBASE00662,,,
FOOD000721,FOODBASE00663,,raw,
FOOD000722,FOODBASE00664,,raw,
FOOD000723,FOODBASE00665,,,
FOOD000724,FOODBASE00666,apple,,
FOOD000725,FOODBASE00667,,dried,
FOOD000726,FOODBASE00668,,raw,
FOOD000727,FOODBASE00669,,,
FOOD000728,FOODBASE00670,,,
FOOD000729,FOODBASE00671,,raw,
FOOD000730,FOODBASE00672,,raw,
FOOD000731,FOODBASE00673,,raw,
FOOD000732,FOODBASE00674,lemon,,
FOOD000733,FOODBASE00549,lemon,raw,
FOOD000734,FOODBASE00675,lemon,raw,
FOOD000735,FOODBASE00676,,raw,
FOOD000736,FOODBASE00549,lime,raw,
FOOD000737,FOODBASE00677,,raw,
FOOD000738,FOODBASE00678,,,
FOOD000739,FOODBASE00679,,dried,
FOOD000740,FOODBASE00680,,,
FOOD000741,FOODBASE00681,,dried,
FOOD000742,FOODBASE00682,,raw,
FOOD000743,FOODBASE00683,apple,raw,
FOOD000744,FOODBASE00684,,,
FOOD000745,FOODBASE00674,mango,,
FOOD000746,FOODBASE00685,mango,,
FOOD000747,FOODBASE00686,,raw,
FOOD000748,FOODBASE00687,,,
FOOD000749,FOODBASE00688,,,
FOOD000750,FOODBASE00689,orange,,
FOOD000751,FOODBASE00690,banana,,
FOOD000752,FOODBASE00691,,,
FOOD000753,FOODBASE00692,,raw,
FOOD000754,FOODBASE00693,,,
FOOD000755,FOODBASE00694,,,
FOOD000756,FOODBASE00695,,,
FOOD000757,FOODBASE00696,blueberry,,
FOOD000758,FOODBASE00697,,raw,
FOOD000759,FOODBASE00698,,,
FOOD000760,FOODBASE00699,,,
FOOD000761,FOODBASE00700,,,
FOOD000762,FOODBASE00701,,raw,
FOOD000763,FOODBASE00702,,raw,
FOOD000764,FOODBASE00703,,,
FOOD000765,FOODBASE00704,,,
FOOD000766,FOODBASE00674,orange,,
FOOD000767,FOODBASE00705,orange,,
FOOD000768,FOODBASE00706,orange,,
FOOD000769,FOODBASE00707,orange,,
FOOD000770,FOODBASE00708,orange,raw,
FOOD000771,FOODBASE00709,orange,,
FOOD000772,FOODBASE00710,orange,,
FOOD000773,FOODBASE00675,orange,raw,
FOOD000774,FOODBASE00711,orange,,
FOOD000775,FOODBASE00712,orange,,
FOOD000776,FOODBASE00713,strawberry,,
FOOD000777,FOODBASE00714,,raw,
FOOD000778,FOODBASE00715,,,
FOOD000779,FOODBASE00716,,,
FOOD000780,FOODBASE00717,,raw,
FOOD000781,FOODBASE00718,,,
FOOD000782,FOODBASE00719,,raw,
FOOD000783,FOODBASE00720,,raw,
FOOD000784,FOODBASE00721,peach,,
FOOD000785,FOODBASE00722,peach,,
FOOD000786,FOODBASE00723,,dried,
FOOD000787,FOODBASE00724,peanut,roasted,
FOOD000788,FOODBASE00725,,dried,
FOOD000789,FOODBASE00726,,,
FOOD000790,FOODBASE00727,,,
FOOD000791,FOODBASE00728,,baked,
FOOD000792,FOODBASE00729,,,
FOOD000793,FOODBASE00730,,,
FOOD000794,FOODBASE00731,,dried,
FOOD000795,FOODBASE00732,,dried,
FOOD000796,FOODBASE00733,apple,,
FOOD000797,FOODBASE00734,,,
FOOD000798,FOODBASE00735,,raw,
FOOD000799,FOODBASE00736,,,
FOOD000800,FOODBASE00737,orange,,
FOOD000801,FOODBASE00738,,,
FOOD000802,FOODBASE00739,,dried,
FOOD000803,FOODBASE00740,cherry,raw,
FOOD000804,FOODBASE00741,,raw,
FOOD000805,FOODBASE00742,,fried,
FOOD000806,FOODBASE00743,,,
FOOD000807,FOODBASE00744,,dried,
FOOD000808,FOODBASE00745,,raw,
FOOD000809,FOODBASE00746,,,
FOOD000810,FOODBASE00747,,raw,
FOOD000811,FOODBASE00748,,raw,
FOOD000812,FOODBASE00749,raspberry,,
FOOD000813,FOODBASE00750,raspberry,,
FOOD000814,FOODBASE00751,,dried,
FOOD000815,FOODBASE00752,,,
FOOD000816,FOODBASE00753,,,
FOOD000817,FOODBASE00754,,,
FOOD000818,FOODBASE00755,,,
FOOD000819,FOODBASE00756,strawberry,,
FOOD000820,FOODBASE00757,,raw,
FOOD000821,FOODBASE00758,,,
FOOD000822,FOODBASE00759,,,
FOOD000823,FOODBASE00760,raspberry,,
FOOD000824,FOODBASE00761,,cooked,
FOOD000825,FOODBASE00762,,raw,
FOOD000826,FOODBASE00763,,dried,
FOOD000827,FOODBASE00764,,,
FOOD000828,FOODBASE00765,,raw,
FOOD000829,FOODBASE00766,raspberry,raw,
FOOD000830,FOODBASE00767,,raw,
FOOD000831,FOODBASE00768,,raw,
FOOD000832,FOODBASE00769,,raw,
FOOD000833,FOODBASE00770,,raw,
FOOD000834,FOODBASE00771,,raw,
FOOD000835,FOODBASE00772,,raw,
FOOD000836,FOODBASE00773,,,
FOOD000837,FOODBASE00774,orange,,
FOOD000838,FOODBASE00775,caramel,,
FOOD000839,FOODBASE00776,,,
FOOD000840,FOODBASE00777,,raw,
FOOD000841,FOODBASE00778,,dried,
FOOD000842,FOODBASE00779,lime,,
FOOD000843,FOODBASE00780,,raw,
FOOD000844,FOODBASE00674,strawberry,,
FOOD000845,FOODBASE00781,apple,,
FOOD000846,FOODBASE00782,,raw,
FOOD000847,FOODBASE00783,,,
FOOD000848,FOODBASE00784,,,
FOOD000849,FOODBASE00785,,raw,
FOOD000850,FOODBASE00786,,raw,
FOOD000851,FOODBASE00787,,raw,
FOOD000852,FOODBASE00788,,,
FOOD000853,FOODBASE00789,raspberry,,
FOOD000854,FOODBASE00790,strawberry,,
FOOD000855,FOODBASE00791,mango,,
FOOD000856,FOODBASE00792,mango,,
FOOD000857,FOODBASE00793,mango,,
FOOD000858,FOODBASE00794,,,
FOOD000859,FOODBASE00795,,,
FOOD000860,FOODBASE00796,,,
FOOD000861,FOODBASE00797,,raw,
FOOD000862,FOODBASE00798,,raw,
FOOD000863,FOODBASE00799,,,
FOOD000864,FOODBASE00800,,,
FOOD000865,FOODBASE00801,,,
FOOD000866,FOODBASE00802,,,
FOOD000867,FOODBASE00803,,cooked,
FOOD000868,FOODBASE00804,,,
FOOD000869,FOODBASE00805,,,
FOOD000870,FOODBASE00806,,,
FOOD000871,FOODBASE00807,,,
FOOD000872,FOODBASE00808,,,
FOOD000873,FOODBASE00809,,,
FOOD000874,FOODBASE00810,,,
FOOD000875,FOODBASE00811,,,
FOOD000876,FOODBASE00812,,,
FOOD000877,FOODBASE00813,,,
FOOD000878,FOODBASE00814,,,
FOOD000879,FOODBASE00815,,,
FOOD000880,FOODBASE00816,,,
FOOD000881,FOODBASE00817,,,
FOOD000882,FOODBASE00818,,,
FOOD000883,FOODBASE00819,,,
FOOD000884,FOODBASE00820,,,
FOOD000885,FOODBASE00821,,,
FOOD000886,FOODBASE00822,,,
FOOD000887,FOODBASE00823,,,
FOOD000888,FOODBASE00824,,,
FOOD000889,FOODBASE00825,,,
FOOD000890,FOODBASE00826,,,
FOOD000891,FOODBASE00827,,,
FOOD000892,FOODBASE00828,,roasted,
FOOD000893,FOODBASE00829,,cooked,
FOOD000894,FOODBASE00830,,,
FOOD000895,FOODBASE00831,,,
FOOD000896,FOODBASE00832,,,
FOOD000897,FOODBASE00833,,,
FOOD000898,FOODBASE00834,,,
FOOD000899,FOODBASE00835,apple,,
FOOD000900,FOODBASE00836,apple,cooked,
FOOD000901,FOODBASE00837,,,
FOOD000902,FOODBASE00838,coffee,roasted,
FOOD000903,FOODBASE00839,,,
FOOD000904,FOODBASE00840,,,
FOOD000905,FOODBASE00841,,,
FOOD000906,FOODBASE00842,,,
FOOD000907,FOODBASE00843,,,
FOOD000908,FOODBASE00844,,,
FOOD000909,FOODBASE00845,,cooked,
FOOD000910,FOODBASE00846,,,
FOOD000911,FOODBASE00847,,,
FOOD000912,FOODBASE00848,,,
FOOD000913,FOODBASE00849,,,
FOOD000914,FOODBASE00850,,,
FOOD000915,FOODBASE00851,,,
FOOD000916,FOODBASE00852,,,
FOOD000917,FOODBASE00853,,,
FOOD000918,FOODBASE00854,,,
FOOD000919,FOODBASE00855,,,
FOOD000920,FOODBASE00856,cinnamon,,
FOOD000921,FOODBASE00857,,,
FOOD000922,FOODBASE00858,,,
FOOD000923,FOODBASE00859,,,
FOOD000924,FOODBASE00860,,,
FOOD000925,FOODBASE00861,,,
FOOD000926,FOODBASE00862,,,
FOOD000927,FOODBASE00863,,,
FOOD000928,FOODBASE00864,,,
FOOD000929,FOODBASE00865,,,
FOOD000930,FOODBASE00866,,,
FOOD000931,FOODBASE00867,,,
FOOD000932,FOODBASE00868,,,
FOOD000933,FOODBASE00869,,cooked,
FOOD000934,FOODBASE00870,,,
FOOD000935,FOODBASE00871,,,
FOOD000936,FOODBASE00872,,,
FOOD000937,FOODBASE00873,,cooked,
FOOD000938,FOODBASE00874,,,
FOOD000939,FOODBASE00875,,raw,
FOOD000940,FOODBASE00876,,,
FOOD000941,FOODBASE00877,,,
FOOD000942,FOODBASE00878,,,
FOOD000943,FOODBASE00879,,,
FOOD000944,FOODBASE00880,,cooked,
FOOD000945,FOODBASE00881,,raw,
FOOD000946,FOODBASE00882,,,
FOOD000947,FOODBASE00883,,,
FOOD000948,FOODBASE00884,,,
FOOD000949,FOODBASE00885,,,
FOOD000950,FOODBASE00886,,,
FOOD000951,FOODBASE00887,,,
FOOD000952,FOODBASE00888,,,
FOOD000953,FOODBASE00889,,,
FOOD000954,FOODBASE00890,,cooked,
FOOD000955,FOODBASE00891,,,
FOOD000956,FOODBASE00892,,,
FOOD000957,FOODBASE00893,,,
FOOD000958,FOODBASE00894,,,
FOOD000959,FOODBASE00895,,,
FOOD000960,FOODBASE00896,,,
FOOD000961,FOODBASE00897,,,
FOOD000962,FOODBASE00898,,,
FOOD000963,FOODBASE00899,,,
FOOD000964,FOODBASE00900,,,
FOOD000965,FOODBASE00901,,cooked,
FOOD000966,FOODBASE00902,,,
FOOD000967,FOODBASE00903,,,
FOOD000968,FOODBASE00904,,,
FOOD000969,FOODBASE00905,cinnamon,,
FOOD000970,FOODBASE00906,,,
FOOD000971,FOODBASE00907,,steamed,
FOOD000972,FOODBASE00908,,,
FOOD000973,FOODBASE00909,,,
FOOD000974,FOODBASE00910,,,
FOOD000975,FOODBASE00911,,,
FOOD000976,FOODBASE00912,,,
FOOD000977,FOODBASE00913,,,
FOOD000978,FOODBASE00914,,,
FOOD000979,FOODBASE00915,,cooked,
FOOD000980,FOODBASE00916,,,
FOOD000981,FOODBASE00917,,,
FOOD000982,FOODBASE00918,,,
FOOD000983,FOODBASE00919,,,
FOOD000984,FOODBASE00920,,,
FOOD000985,FOODBASE00921,,,
FOOD000986,FOODBASE00922,,,
FOOD000987,FOODBASE00923,,,
FOOD000988,FOODBASE00266,,,
FOOD000989,FOODBASE00266,,,
FOOD000990,FOODBASE00266,,,
FOOD000991,FOODBASE00267,,,
FOOD000992,FOODBASE00267,,,
FOOD000993,FOODBASE00267,,,
FOOD000994,FOODBASE00924,,,
FOOD000995,FOODBASE00925,,,
FOOD000996,FOODBASE00926,,,
FOOD000997,FOODBASE00927,,,
FOOD000998,FOODBASE00928,,,
FOOD000999,FOODBASE00929,,,
FOOD001000,FOODBASE00930,,,
FOOD001001,FOODBASE00931,,,
FOOD001002,FOODBASE00932,,roasted,
FOOD001003,FOODBASE00933,,cooked,
FOOD001004,FOODBASE00934,,,
FOOD001005,FOODBASE00935,,cooked,
FOOD001006,FOODBASE00936,,,
FOOD001007,FOODBASE00937,,,
FOOD001008,FOODBASE00938,,,
FOOD001009,FOODBASE00939,,,
FOOD001010,FOODBASE00940,,,
FOOD001011,FOODBASE00941,,,
FOOD001012,FOODBASE00942,,,
FOOD001013,FOODBASE00943,,,
FOOD001014,FOODBASE00944,,raw,
FOOD001015,FOODBASE00945,,,
FOOD001016,FOODBASE00946,,,
FOOD001017,FOODBASE00947,,,
FOOD001018,FOODBASE00948,,,
FOOD001019,FOODBASE00949,,,
FOOD001020,FOODBASE00950,,,
FOOD001021,FOODBASE00951,,,
FOOD001022,FOODBASE00952,,,
FOOD001023,FOODBASE00953,,,
FOOD001024,FOODBASE00954,,,
FOOD001025,FOODBASE00955,,,
FOOD001026,FOODBASE00956,,,
FOOD001027,FOODBASE00957,,raw,
FOOD001028,FOODBASE00958,,,
FOOD001029,FOODBASE00959,,raw,
FOOD001030,FOODBASE00960,,baked,
FOOD001031,FOODBASE00961,,dried,
FOOD001032,FOODBASE00962,,,
FOOD001033,FOODBASE00963,,,
FOOD001034,FOODBASE00964,,,
FOOD001035,FOODBASE00965,,,
FOOD001036,FOODBASE00966,,raw,
FOOD001037,FOODBASE00967,,raw,
FOOD001038,FOODBASE00968,,,
FOOD001039,FOODBASE00969,,raw,
FOOD001040,FOODBASE00970,,raw,
FOOD001041,FOODBASE00971,,baked,
FOOD001042,FOODBASE00972,,dried,
FOOD001043,FOODBASE00973,,,
FOOD001044,FOODBASE00974,,,
FOOD001045,FOODBASE00975,,raw,
FOOD001046,FOODBASE00976,,,
FOOD001047,FOODBASE00977,,cooked,
FOOD001048,FOODBASE00978,,,
FOOD001049,FOODBASE00979,,,
FOOD001050,FOODBASE00980,,dried,
FOOD001051,FOODBASE00981,peanut,,
FOOD001052,FOODBASE00982,,raw,
FOOD001053,FOODBASE00983,,raw,
FOOD001054,FOODBASE00984,,raw,
FOOD001055,FOODBASE00985,,,
FOOD001056,FOODBASE00986,,raw,
FOOD001057,FOODBASE00987,,,
FOOD001058,FOODBASE00988,,raw,
FOOD001059,FOODBASE00989,,steamed,
FOOD001060,FOODBASE00990,,steamed,
FOOD001061,FOODBASE00991,,,
FOOD001062,FOODBASE00992,,,
FOOD001063,FOODBASE00992,,,
FOOD001064,FOODBASE00993,,,
FOOD001065,FOODBASE00994,,raw,
FOOD001066,FOODBASE00995,,raw,
FOOD001067,FOODBASE00996,,raw,
FOOD001068,FOODBASE00997,,,
FOOD001069,FOODBASE00998,,raw,
FOOD001070,FOODBASE00999,,dried,
FOOD001071,FOODBASE01000,,fried,
FOOD001072,FOODBASE01001,,raw,
FOOD001073,FOODBASE01002,,,
FOOD001074,FOODBASE01003,,,
FOOD001075,FOODBASE01004,peanut,,
FOOD001076,FOODBASE01005,peanut,,
FOOD001077,FOODBASE01006,,,
FOOD001078,FOODBASE01007,,raw,
FOOD001079,FOODBASE01008,,fried,
FOOD001080,FOODBASE01009,,raw,
FOOD001081,FOODBASE01010,,raw,
FOOD001082,FOODBASE01011,,dried,
FOOD001083,FOODBASE01012,,,
FOOD001084,FOODBASE01013,peanut,,
FOOD001085,FOODBASE01014,peanut,,
FOOD001086,FOODBASE01015,peanut,,
FOOD001087,FOODBASE01016,peanut,,
FOOD001088,FOODBASE01017,peanut,,
FOOD001089,FOODBASE01018,peanut,,
FOOD001090,FOODBASE01019,,roasted,
FOOD001091,FOODBASE01020,,raw,
FOOD001092,FOODBASE01021,,cooked,
FOOD001093,FOODBASE01022,,cooked,
FOOD001094,FOODBASE01023,,dried,
FOOD001095,FOODBASE01024,,raw,
FOOD001096,FOODBASE01025,,raw,
FOOD001097,FOODBASE01026,,raw,
FOOD001098,FOODBASE01027,,raw,
FOOD001099,FOODBASE01028,peanut,,
FOOD001100,FOODBASE01029,peanut,,
FOOD001101,FOODBASE01030,peanut,,
FOOD001102,FOODBASE01031,,,
FOOD001103,FOODBASE01032,peanut,,
FOOD001104,FOODBASE01033,peanut,,
FOOD001105,FOODBASE01034,,,
FOOD001106,FOODBASE01035,,,
FOOD001107,FOODBASE01036,,,
FOOD001108,FOODBASE01037,,,
FOOD001109,FOODBASE01038,,,
FOOD001110,FOODBASE01039,,,
FOOD001111,FOODBASE01040,,,
FOOD001112,FOODBASE01041,,raw,
FOOD001113,FOODBASE01042,,raw,
FOOD001114,FOODBASE01043,,dried,
FOOD001115,FOODBASE01044,,,
FOOD001116,FOODBASE01045,,,
FOOD001117,FOODBASE01046,,,
FOOD001118,FOODBASE01047,,roasted,
FOOD001119,FOODBASE01048,,,
FOOD001120,FOODBASE01049,,steamed,
FOOD001121,FOODBASE01050,,,
FOOD001122,FOODBASE01051,,raw,
FOOD001123,FOODBASE01052,,cooked,
FOOD001124,FOODBASE01053,,raw,
FOOD001125,FOODBASE01054,,raw,
FOOD001126,FOODBASE01055,,raw,
FOOD001127,FOODBASE01056,,raw,
FOOD001128,FOODBASE01057,,raw,
FOOD001129,FOODBASE01058,,raw,
FOOD001130,FOODBASE01059,,raw,
FOOD001131,FOODBASE01060,,,
FOOD001132,FOODBASE01061,,raw,
FOOD001133,FOODBASE01062,,,
FOOD001134,FOODBASE01063,,,
FOOD001135,FOODBASE01064,,,
FOOD001136,FOODBASE01065,,,
FOOD001137,FOODBASE01066,,,
FOOD001138,FOODBASE01067,,,
FOOD001139,FOODBASE01068,,,
FOOD001140,FOODBASE01069,,baked,
FOOD001141,FOODBASE01070,,raw,
FOOD001142,FOODBASE01071,,,
FOOD001143,FOODBASE01072,,roasted,
FOOD001144,FOODBASE01073,,,
FOOD001145,FOODBASE01074,,raw,
FOOD001146,FOODBASE01075,,,
FOOD001147,FOODBASE01076,,,
FOOD001148,FOODBASE01077,,,
FOOD001149,FOODBASE01077,,,
FOOD001150,FOODBASE01078,,,
FOOD001151,FOODBASE01079,,,
FOOD001152,FOODBASE01080,,,
FOOD001153,FOODBASE01081,,,
FOOD001154,FOODBASE01082,,raw,
FOOD001155,FOODBASE01083,,,
FOOD001156,FOODBASE01084,,,
FOOD001157,FOODBASE01085,,cooked,
FOOD001158,FOODBASE01086,,,
FOOD001159,FOODBASE01087,,,
FOOD001160,FOODBASE01088,,,
FOOD001161,FOODBASE01089,,,
FOOD001162,FOODBASE01090,,,
FOOD001163,FOODBASE01091,,,
FOOD001164,FOODBASE01092,,raw,
FOOD001165,FOODBASE01093,,,
FOOD001166,FOODBASE01094,,,
FOOD001167,FOODBASE01095,,raw,
FOOD001168,FOODBASE01096,,,
FOOD001169,FOODBASE01097,,,
FOOD001170,FOODBASE01098,,,
FOOD001171,FOODBASE01099,,,
FOOD001172,FOODBASE01100,,,
FOOD001173,FOODBASE01101,,,
FOOD001174,FOODBASE01102,,,
FOOD001175,FOODBASE01103,,grilled,
FOOD001176,FOODBASE01104,,,
FOOD001177,FOODBASE01105,,,
FOOD001178,FOODBASE01106,,,
FOOD001179,FOODBASE01107,,,
FOOD001180,FOODBASE01108,,,
FOOD001181,FOODBASE01109,,fried,
FOOD001182,FOODBASE01110,,,
FOOD001183,FOODBASE01111,,,
FOOD001184,FOODBASE01112,,,
FOOD001185,FOODBASE01113,,dried,
FOOD001186,FOODBASE01114,,cooked,
FOOD001187,FOODBASE01115,,cooked,
FOOD001188,FOODBASE01116,,,
FOOD001189,FOODBASE01117,,roasted,
FOOD001190,FOODBASE01118,,roasted,
FOOD001191,FOODBASE01119,,,
FOOD001192,FOODBASE01120,,roasted,
FOOD001193,FOODBASE01121,,cooked,
FOOD001194,FOODBASE01122,,,
FOOD001195,FOODBASE01123,,,
FOOD001196,FOODBASE01124,,,
FOOD001197,FOODBASE01125,,,
FOOD001198,FOODBASE01126,,boiled,
FOOD001199,FOODBASE01127,,,
FOOD001200,FOODBASE01128,,,
FOOD001201,FOODBASE01129,,,
FOOD001202,FOODBASE01130,,,
FOOD001203,FOODBASE01131,,,
FOOD001204,FOODBASE01132,,,
FOOD001205,FOODBASE01133,,cooked,
FOOD001206,FOODBASE01134,,cooked,
FOOD001207,FOODBASE01135,,,
FOOD001208,FOODBASE01136,,,
FOOD001209,FOODBASE01137,,,
FOOD001210,FOODBASE01138,,,
FOOD001211,FOODBASE01139,,,
FOOD001212,FOODBASE01140,,,
FOOD001213,FOODBASE01141,,,
FOOD001214,FOODBASE01142,,,
FOOD001215,FOODBASE01143,,,
FOOD001216,FOODBASE01144,,,
FOOD001217,FOODBASE01145,,fried,
FOOD001218,FOODBASE01146,,,
FOOD001219,FOODBASE01147,,,
FOOD001220,FOODBASE01148,,,
FOOD001221,FOODBASE01149,,grilled,
FOOD001222,FOODBASE01150,,,
FOOD001223,FOODBASE01151,,grilled,
FOOD001224,FOODBASE01152,,,
FOOD001225,FOODBASE01153,,cooked,
FOOD001226,FOODBASE01154,,cooked,
FOOD001227,FOODBASE01155,,cooked,
FOOD001228,FOODBASE01156,,cooked,
FOOD001229,FOODBASE01157,,,
FOOD001230,FOODBASE01158,,fried,
FOOD001231,FOODBASE01159,,fried,
FOOD001232,FOODBASE01160,,,
FOOD001233,FOODBASE01161,,,
FOOD001234,FOODBASE01162,,,
FOOD001235,FOODBASE01163,,,
FOOD001236,FOODBASE01164,,,
FOOD001237,FOODBASE01165,,,
FOOD001238,FOODBASE01166,,raw,
FOOD001239,FOODBASE01167,,raw,
FOOD001240,FOODBASE01168,,,
FOOD001241,FOODBASE01169,,dried,
FOOD001242,FOODBASE01170,,roasted,
FOOD001243,FOODBASE01171,,,
FOOD001244,FOODBASE01172,,,
FOOD001245,FOODBASE01173,,fried,
FOOD001246,FOODBASE01174,,,
FOOD001247,FOODBASE01175,,,
FOOD001248,FOODBASE01176,,,
FOOD001249,FOODBASE01177,,,
FOOD001250,FOODBASE01177,,,
FOOD001251,FOODBASE01177,,,
FOOD001252,FOODBASE01178,,,
FOOD001253,FOODBASE01179,,,
FOOD001254,FOODBASE01180,,roasted,
FOOD001255,FOODBASE01181,,raw,
FOOD001256,FOODBASE01182,,raw,
FOOD001257,FOODBASE01183,,raw,
FOOD001258,FOODBASE01184,,,
FOOD001259,FOODBASE01185,,roasted,
FOOD001260,FOODBASE01186,,raw,
FOOD001261,FOODBASE01187,,raw,
FOOD001262,FOODBASE01188,,,
FOOD001263,FOODBASE01189,,,
FOOD001264,FOODBASE01190,,raw,
FOOD001265,FOODBASE01191,,raw,
FOOD001266,FOODBASE01192,,raw,
FOOD001267,FOODBASE01193,,raw,
FOOD001268,FOODBASE01194,,,
FOOD001269,FOODBASE01195,,,
FOOD001270,FOODBASE01196,,,
FOOD001271,FOODBASE01197,,cooked,
FOOD001272,FOODBASE01198,,raw,
FOOD001273,FOODBASE01199,,cooked,
FOOD001274,FOODBASE01200,,,
FOOD001275,FOODBASE01201,,,
FOOD001276,FOODBASE01202,,,
FOOD001277,FOODBASE01203,,,
FOOD001278,FOODBASE01204,,,
FOOD001279,FOODBASE01205,,,
FOOD001280,FOODBASE01206,lemon,,
FOOD001281,FOODBASE01207,,,
FOOD001282,FOODBASE01208,,,
FOOD001283,FOODBASE01209,,,
FOOD001284,FOODBASE01210,,,
FOOD001285,FOODBASE01211,,fried,
FOOD001286,FOODBASE01212,,,
FOOD001287,FOODBASE01213,,,
FOOD001288,FOODBASE01214,chocolate,,
FOOD001289,FOODBASE01215,,,
FOOD001290,FOODBASE01216,,,
FOOD001291,FOODBASE01217,,,
FOOD001292,FOODBASE01218,,roasted,
FOOD001293,FOODBASE01219,,raw,
FOOD001294,FOODBASE01220,,,
FOOD001295,FOODBASE01221,,fried,
FOOD001296,FOODBASE01222,,raw,
FOOD001297,FOODBASE01223,,cooked,
FOOD001298,FOODBASE01224,,steamed,
FOOD001299,FOODBASE01225,,,
FOOD001300,FOODBASE01226,,,
FOOD001301,FOODBASE01227,,,
FOOD001302,FOODBASE01228,,,
FOOD001303,FOODBASE01229,,,
FOOD001304,FOODBASE01230,raspberry,,
FOOD001305,FOODBASE01231,,fried,
FOOD001306,FOODBASE01232,,,
FOOD001307,FOODBASE01233,,,
FOOD001308,FOODBASE01234,,roasted,
FOOD001309,FOODBASE01235,,,
FOOD001310,FOODBASE01236,,,
FOOD001311,FOODBASE01237,,,
FOOD001312,FOODBASE01238,,,
FOOD001313,FOODBASE01239,,,
FOOD001314,FOODBASE01240,,,
FOOD001315,FOODBASE01241,,,
FOOD001316,FOODBASE01242,,,
FOOD001317,FOODBASE01243,,,
FOOD001318,FOODBASE01244,,fried,
FOOD001319,FOODBASE01245,,raw,
FOOD001320,FOODBASE01246,,,
FOOD001321,FOODBASE01247,,,
FOOD001322,FOODBASE01248,,,
FOOD001323,FOODBASE01249,,baked,
FOOD001324,FOODBASE01250,,,
FOOD001325,FOODBASE01251,,fried,
FOOD001326,FOODBASE01252,,,
FOOD001327,FOODBASE01253,,raw,
FOOD001328,FOODBASE01254,,,
FOOD001329,FOODBASE01255,,,
FOOD001330,FOODBASE01256,,,
FOOD001331,FOODBASE01257,,,
FOOD001332,FOODBASE01258,,,
FOOD001333,FOODBASE01259,,,
FOOD001334,FOODBASE01259,,,
FOOD001335,FOODBASE01260,,,
FOOD001336,FOODBASE01261,,,
FOOD001337,FOODBASE01262,,dried,
FOOD001338,FOODBASE01263,,,
FOOD001339,FOODBASE01264,,,
FOOD001340,FOODBASE01265,,,
FOOD001341,FOODBASE01266,,,
FOOD001342,FOODBASE01267,,,
FOOD001343,FOODBASE01268,,,
FOOD001344,FOODBASE01269,,,
FOOD001345,FOODBASE01270,,fried,
FOOD001346,FOODBASE01271,,roasted,
FOOD001347,FOODBASE01272,,,
FOOD001348,FOODBASE01273,,,
FOOD001349,FOODBASE01274,,,
FOOD001350,FOODBASE01275,,,
FOOD001351,FOODBASE01276,,,
FOOD001352,FOODBASE01277,,,
FOOD001353,FOODBASE01278,,,
FOOD001354,FOODBASE01279,,,
FOOD001355,FOODBASE01280,,,
FOOD001356,FOODBASE01281,,,
FOOD001357,FOODBASE01282,,,
FOOD001358,FOODBASE01283,,,
FOOD001359,FOODBASE01284,,raw,
FOOD001360,FOODBASE01285,,,
FOOD001361,FOODBASE01286,,,
FOOD001362,FOODBASE01287,,,
FOOD001363,FOODBASE01288,,baked,
FOOD001364,FOODBASE01289,,baked,
FOOD001365,FOODBASE01290,,,
FOOD001366,FOODBASE01291,,grilled,
FOOD001367,FOODBASE01292,,,
FOOD001368,FOODBASE01293,,cooked,
FOOD001369,FOODBASE01294,,cooked,
FOOD001370,FOODBASE01295,,raw,
FOOD001371,FOODBASE01296,,,
FOOD001372,FOODBASE01297,,,
FOOD001373,FOODBASE01298,,raw,
FOOD001374,FOODBASE01299,,cooked,
FOOD001375,FOODBASE01300,,cooked,
FOOD001376,FOODBASE01301,,,
FOOD001377,FOODBASE01302,,,
FOOD001378,FOODBASE01303,,,
FOOD001379,FOODBASE01304,,raw,
FOOD001380,FOODBASE01305,,raw,
FOOD001381,FOODBASE01306,,,
FOOD001382,FOODBASE01307,,raw,
FOOD001383,FOODBASE01308,,raw,
FOOD001384,FOODBASE01309,,raw,
FOOD001385,FOODBASE01153,,raw,
FOOD001386,FOODBASE01154,,raw,
FOOD001387,FOODBASE01310,,raw,
FOOD001388,FOODBASE01311,,roasted,
FOOD001389,FOODBASE01312,,,
FOOD001390,FOODBASE01313,lemon,fried,
FOOD001391,FOODBASE01314,,fried,
FOOD001392,FOODBASE01315,,,
FOOD001393,FOODBASE01316,,,
FOOD001394,FOODBASE01317,,,
FOOD001395,FOODBASE01318,,raw,
FOOD001396,FOODBASE01319,,cooked,
FOOD001397,FOODBASE01320,,,
FOOD001398,FOODBASE01321,,,
FOOD001399,FOODBASE01322,,cooked,
FOOD001400,FOODBASE01323,,,
FOOD001401,FOODBASE01324,,,
FOOD001402,FOODBASE01325,,,
FOOD001403,FOODBASE01326,,,
FOOD001404,FOODBASE01327,,,
FOOD001405,FOODBASE01328,,,
FOOD001406,FOODBASE01329,,,
FOOD001407,FOODBASE01330,,,
FOOD001408,FOODBASE01331,,,
FOOD001409,FOODBASE01332,,fried,
FOOD001410,FOODBASE00266,,dried,
FOOD001411,FOODBASE00266,,,
FOOD001412,FOODBASE00266,,,
FOOD001413,FOODBASE00266,,raw,
FOOD001414,FOODBASE00267,,dried,
FOOD001415,FOODBASE00267,,,
FOOD001416,FOODBASE00267,,,
FOOD001417,FOODBASE00267,,raw,
FOOD001418,FOODBASE01333,,,
FOOD001419,FOODBASE01334,,,
FOOD001420,FOODBASE01335,,cooked,
FOOD001421,FOODBASE01336,,raw,
FOOD001422,FOODBASE01337,,,
FOOD001423,FOODBASE01338,,,
FOOD001424,FOODBASE01339,,,
FOOD001425,FOODBASE01340,,,
FOOD001426,FOODBASE01341,,,
FOOD001427,FOODBASE01342,,dried,
FOOD001428,FOODBASE01343,,,
FOOD001429,FOODBASE01344,,,
FOOD001430,FOODBASE01345,,,
FOOD001431,FOODBASE01346,,,
FOOD001432,FOODBASE01347,,roasted,
FOOD001433,FOODBASE01348,,,
FOOD001434,FOODBASE01349,,,
FOOD001435,FOODBASE01350,,,
FOOD001436,FOODBASE01351,,,
FOOD001437,FOODBASE01352,,,
FOOD001438,FOODBASE01353,,,
FOOD001439,FOODBASE01354,,,
FOOD001440,FOODBASE01354,,,
FOOD001441,FOODBASE01355,,raw,
FOOD001442,FOODBASE01356,,,
FOOD001443,FOODBASE01357,,,
FOOD001444,FOODBASE01358,,,
FOOD001445,FOODBASE01359,,,
FOOD001446,FOODBASE01360,,,
FOOD001447,FOODBASE01361,lemon,,
FOOD001448,FOODBASE01362,,,
FOOD001449,FOODBASE01363,,,
FOOD001450,FOODBASE01364,,,
FOOD001451,FOODBASE01365,,,
FOOD001452,FOODBASE01366,,,
FOOD001453,FOODBASE01367,,,
FOOD001454,FOODBASE01368,,,
FOOD001455,FOODBASE01369,,,
FOOD001456,FOODBASE01370,,raw,
FOOD001457,FOODBASE01371,lemon,roasted,
FOOD001458,FOODBASE01372,,,
FOOD001459,FOODBASE01373,,cooked,
FOOD001460,FOODBASE01374,,cooked,
FOOD001461,FOODBASE01375,,roasted,
FOOD001462,FOODBASE01376,,,
FOOD001463,FOODBASE01377,,,
FOOD001464,FOODBASE01378,,,
FOOD001465,FOODBASE01379,,,
FOOD001466,FOODBASE01380,,,
FOOD001467,FOODBASE01381,,fried,
FOOD001468,FOODBASE01382,,,
FOOD001469,FOODBASE01383,,roasted,
FOOD001470,FOODBASE01384,,,
FOOD001471,FOODBASE01385,,raw,
FOOD001472,FOODBASE01386,,,
FOOD001473,FOODBASE01387,,fried,
FOOD001474,FOODBASE01388,,cooked,
FOOD001475,FOODBASE01389,,roasted,
FOOD001476,FOODBASE01390,,,
FOOD001477,FOODBASE01391,,roasted,
FOOD001478,FOODBASE01392,,raw,
FOOD001479,FOODBASE01393,,,
FOOD001480,FOODBASE01394,,,
FOOD001481,FOODBASE01395,,fried,
FOOD001482,FOODBASE01396,,,
FOOD001483,FOODBASE01397,,,
FOOD001484,FOODBASE01398,,,
FOOD001485,FOODBASE01399,,,
FOOD001486,FOODBASE01400,,,
FOOD001487,FOODBASE01401,,,
FOOD001488,FOODBASE01402,,dried,
FOOD001489,FOODBASE01403,,,
FOOD001490,FOODBASE01404,,cooked,
FOOD001491,FOODBASE01405,,,
FOOD001492,FOODBASE01406,,,
FOOD001493,FOODBASE01407,,,
FOOD001494,FOODBASE01408,,,
FOOD001495,FOODBASE01409,,,
FOOD001496,FOODBASE01410,,raw,
FOOD001497,FOODBASE01411,,,
FOOD001498,FOODBASE01412,,,
FOOD001499,FOODBASE01413,,,
FOOD001500,FOODBASE01414,,,
FOOD001501,FOODBASE01415,,cooked,
FOOD001502,FOODBASE01416,,,
FOOD001503,FOODBASE01417,,roasted,
FOOD001504,FOODBASE01418,,,
FOOD001505,FOODBASE01419,chocolate,,
FOOD001506,FOODBASE01420,,,
FOOD001507,FOODBASE01421,,,
FOOD001508,FOODBASE01422,,,
FOOD001509,FOODBASE01423,,,
FOOD001510,FOODBASE01424,,roasted,
FOOD001511,FOODBASE01425,,roasted,
FOOD001512,FOODBASE01426,,roasted,
FOOD001513,FOODBASE01427,,,
FOOD001514,FOODBASE01428,,dried,
FOOD001515,FOODBASE01429,,,
FOOD001516,FOODBASE00538,,,
FOOD001517,FOODBASE01430,,,
FOOD001518,FOODBASE01431,,,
FOOD001519,FOODBASE01432,,,
FOOD001520,FOODBASE01433,,,
FOOD001521,FOODBASE01434,,,
FOOD001522,FOODBASE01435,,,
FOOD001523,FOODBASE01436,,,
FOOD001524,FOODBASE01437,,,
FOOD001525,FOODBASE01438,,,
FOOD001526,FOODBASE01439,,,
FOOD001527,FOODBASE01440,,,
FOOD001528,FOODBASE01441,,,
FOOD001529,FOODBASE01442,,,
FOOD001530,FOODBASE01443,,,
FOOD001531,FOODBASE01444,,,
FOOD001532,FOODBASE01445,,,
FOOD001533,FOODBASE01446,,,
FOOD001534,FOODBASE01447,,,
FOOD001535,FOODBASE01448,,,
FOOD001536,FOODBASE01449,,,
FOOD001537,FOODBASE01450,,,
FOOD001538,FOODBASE01451,,,
FOOD001539,FOODBASE01452,,,
FOOD001540,FOODBASE01453,,,
FOOD001541,FOODBASE01454,,,
FOOD001542,FOODBASE01455,,,
FOOD001543,FOODBASE01456,,,
FOOD001544,FOODBASE01457,,,
FOOD001545,FOODBASE01458,,,
FOOD001546,FOODBASE01459,,,
FOOD001547,FOODBASE01460,,,
FOOD001548,FOODBASE01461,,,
FOOD001549,FOODBASE01462,,,
FOOD001550,FOODBASE01463,,,
FOOD001551,FOODBASE01464,,cooked,
FOOD001552,FOODBASE01465,,,
FOOD001553,FOODBASE01466,coffee,,
FOOD001554,FOODBASE01467,,,
FOOD001555,FOODBASE01468,,,
FOOD001556,FOODBASE01469,,,
FOOD001557,FOODBASE01470,,,
FOOD001558,FOODBASE01471,,,
FOOD001559,FOODBASE01472,,,
FOOD001560,FOODBASE01473,,,
FOOD001561,FOODBASE01474,,,
FOOD001562,FOODBASE01475,,,
FOOD001563,FOODBASE01476,,raw,
FOOD001564,FOODBASE01477,,,
FOOD001565,FOODBASE01478,,,
FOOD001566,FOODBASE01479,,,
FOOD001567,FOODBASE01480,,,
FOOD001568,FOODBASE01481,,,
FOOD001569,FOODBASE01482,,,
FOOD001570,FOODBASE01483,,,
FOOD001571,FOODBASE01484,,,
FOOD001572,FOODBASE01485,,,
FOOD001573,FOODBASE01486,,,
FOOD001574,FOODBASE01487,,,
FOOD001575,FOODBASE01488,,,
FOOD001576,FOODBASE01489,,,
FOOD001577,FOODBASE01490,,,
FOOD001578,FOODBASE01491,,,
FOOD001579,FOODBASE01492,caramel,,
FOOD001580,FOODBASE01493,,,
FOOD001581,FOODBASE01494,,,
FOOD001582,FOODBASE01495,,,
FOOD001583,FOODBASE01496,,,
FOOD001584,FOODBASE01497,,,
FOOD001585,FOODBASE01498,,,
FOOD001586,FOODBASE01499,,,
FOOD001587,FOODBASE01500,,,
FOOD001588,FOODBASE01501,,,
FOOD001589,FOODBASE01502,,,
FOOD001590,FOODBASE01503,,,
FOOD001591,FOODBASE01504,,,
FOOD001592,FOODBASE01505,,,
FOOD001593,FOODBASE01506,,,
FOOD001594,FOODBASE01507,,raw,
FOOD001595,FOODBASE01508,,,
FOOD001596,FOODBASE01509,,,
FOOD001597,FOODBASE01510,,dried,
FOOD001598,FOODBASE01511,,,
FOOD001599,FOODBASE01512,,,
FOOD001600,FOODBASE01513,,,
FOOD001601,FOODBASE01514,,,
FOOD001602,FOODBASE01515,,,
FOOD001603,FOODBASE01516,,,
FOOD001604,FOODBASE01517,,fried,
FOOD001605,FOODBASE01518,,baked,
FOOD001606,FOODBASE01519,,,
FOOD001607,FOODBASE01520,,,
FOOD001608,FOODBASE01521,,,
FOOD001609,FOODBASE01522,,,
FOOD001610,FOODBASE01523,,,
FOOD001611,FOODBASE01524,,,
FOOD001612,FOODBASE01525,,,
FOOD001613,FOODBASE01526,,,
FOOD001614,FOODBASE01527,,,
FOOD001615,FOODBASE01528,,,
FOOD001616,FOODBASE01529,vanilla,,
FOOD001617,FOODBASE01530,,,
FOOD001618,FOODBASE01531,,,
FOOD001619,FOODBASE01532,,dried,
FOOD001620,FOODBASE01533,,,
FOOD001621,FOODBASE01534,,,
FOOD001622,FOODBASE01535,,,
FOOD001623,FOODBASE01536,,,
FOOD001624,FOODBASE01537,,raw,
FOOD001625,FOODBASE01538,,,
FOOD001626,FOODBASE01539,,,
FOOD001627,FOODBASE01540,peanut,,
FOOD001628,FOODBASE01541,,,
FOOD001629,FOODBASE01542,,,
FOOD001630,FOODBASE01543,,,
FOOD001631,FOODBASE01544,,,
FOOD001632,FOODBASE01545,,,
FOOD001633,FOODBASE01546,,,
FOOD001634,FOODBASE01547,,raw,
FOOD001635,FOODBASE01548,,raw,
FOOD001636,FOODBASE01549,,raw,
FOOD001637,FOODBASE01550,,,
FOOD001638,FOODBASE01551,,,
FOOD001639,FOODBASE01552,,,
FOOD001640,FOODBASE01553,peanut,,
FOOD001641,FOODBASE01554,,,
FOOD001642,FOODBASE01555,,,
FOOD001643,FOODBASE01556,,,
FOOD001644,FOODBASE01557,,,
FOOD001645,FOODBASE01558,,raw,
FOOD001646,FOODBASE01559,,,
FOOD001647,FOODBASE01560,,cooked,
FOOD001648,FOODBASE01561,,,
FOOD001649,FOODBASE01562,,fried,
FOOD001650,FOODBASE01563,,,
FOOD001651,FOODBASE01564,,raw,
FOOD001652,FOODBASE01565,,raw,
FOOD001653,FOODBASE01566,,,
FOOD001654,FOODBASE01567,,,
FOOD001655,FOODBASE01568,,,
FOOD001656,FOODBASE01569,,raw,
FOOD001657,FOODBASE01570,,raw,
FOOD001658,FOODBASE01571,cinnamon,,
FOOD001659,FOODBASE01572,,,
FOOD001660,FOODBASE01573,,,
FOOD001661,FOODBASE01574,,raw,
FOOD001662,FOODBASE01575,,,
FOOD001663,FOODBASE01576,,,
FOOD001664,FOODBASE01577,,,
FOOD001665,FOODBASE01578,,,
FOOD001666,FOODBASE01579,,,
FOOD001667,FOODBASE01580,,,
FOOD001668,FOODBASE01581,chocolate,,
FOOD001669,FOODBASE01582,lime,,
FOOD001670,FOODBASE01583,,grilled,
FOOD001671,FOODBASE01584,,,
FOOD001672,FOODBASE01585,,,
FOOD001673,FOODBASE01586,,,
FOOD001674,FOODBASE01587,,,
FOOD001675,FOODBASE01588,,,
FOOD001676,FOODBASE01589,,,
FOOD001677,FOODBASE01590,,raw,
FOOD001678,FOODBASE01591,,,
FOOD001679,FOODBASE01592,,,
FOOD001680,FOODBASE01593,,,
FOOD001681,FOODBASE01594,,,
FOOD001682,FOODBASE01595,,,
FOOD001683,FOODBASE01596,,,
FOOD001684,FOODBASE01597,,,
FOOD001685,FOODBASE01598,,,
FOOD001686,FOODBASE01599,chocolate,,
FOOD001687,FOODBASE01600,,,
FOOD001688,FOODBASE01601,,,
FOOD001689,FOODBASE01602,,,
FOOD001690,FOODBASE01603,,,
FOOD001691,FOODBASE01604,,,
FOOD001692,FOODBASE01605,,,
FOOD001693,FOODBASE01606,,,
FOOD001694,FOODBASE01607,,,
FOOD001695,FOODBASE01608,,,
FOOD001696,FOODBASE01609,,,
FOOD001697,FOODBASE01610,,raw,
FOOD001698,FOODBASE01611,,,
FOOD001699,FOODBASE01612,,,
FOOD001700,FOODBASE01613,,,
FOOD001701,FOODBASE01614,,,
FOOD001702,FOODBASE01615,,,
FOOD001703,FOODBASE01616,,,
FOOD001704,FOODBASE01617,,,
FOOD001705,FOODBASE01618,,,
FOOD001706,FOODBASE01619,,,
FOOD001707,FOODBASE01620,,,
FOOD001708,FOODBASE01620,,,
FOOD001709,FOODBASE01621,,,
FOOD001710,FOODBASE01622,,,
FOOD001711,FOODBASE01623,,,
FOOD001712,FOODBASE01624,,,
FOOD001713,FOODBASE01625,,,
FOOD001714,FOODBASE01626,,,
FOOD001715,FOODBASE01627,,,
FOOD001716,FOODBASE01628,,,
FOOD001717,FOODBASE01629,,,
FOOD001718,FOODBASE01259,,,
FOOD001719,FOODBASE01630,,,
FOOD001720,FOODBASE01631,blueberry,,
FOOD001721,FOODBASE01632,,,
FOOD001722,FOODBASE01633,,roasted,
FOOD001723,FOODBASE01634,,,
FOOD001724,FOODBASE01635,,,
FOOD001725,FOODBASE01636,,,
FOOD001726,FOODBASE01637,,,
FOOD001727,FOODBASE01638,,raw,
FOOD001728,FOODBASE01639,,raw,
FOOD001729,FOODBASE01640,,,
FOOD001730,FOODBASE01641,,,
FOOD001731,FOODBASE01642,,,
FOOD001732,FOODBASE01643,,,
FOOD001733,FOODBASE01644,apple,fried,
FOOD001734,FOODBASE01645,chocolate,baked,
FOOD001735,FOODBASE01646,cinnamon,,
FOOD001736,FOODBASE01647,,baked,
FOOD001737,FOODBASE01648,,baked,
FOOD001738,FOODBASE01649,,baked,
FOOD001739,FOODBASE01650,,baked,
FOOD001740,FOODBASE01651,,,
FOOD001741,FOODBASE01652,,,
FOOD001742,FOODBASE01653,,,
FOOD001743,FOODBASE01654,,raw,
FOOD001744,FOODBASE01655,,,
FOOD001745,FOODBASE01656,,,
FOOD001746,FOODBASE01657,,,
FOOD001747,FOODBASE01658,,,
FOOD001748,FOODBASE01659,,,
FOOD001749,FOODBASE01660,,,
FOOD001750,FOODBASE01661,caramel,,
FOOD001751,FOODBASE01662,,,
FOOD001752,FOODBASE01663,caramel,,
FOOD001753,FOODBASE01664,caramel,,
FOOD001754,FOODBASE00750,cinnamon,,
FOOD001755,FOODBASE01665,,,
FOOD001756,FOODBASE01666,,,
FOOD001757,FOODBASE01667,caramel,,
FOOD001758,FOODBASE01668,,baked,
FOOD001759,FOODBASE01669,,,
FOOD001760,FOODBASE01670,,,
FOOD001761,FOODBASE01671,,,
FOOD001762,FOODBASE01672,,,
FOOD001763,FOODBASE01673,,,
FOOD001764,FOODBASE01674,,,
FOOD001765,FOODBASE01675,,,
FOOD001766,FOODBASE01676,,,
FOOD001767,FOODBASE01677,,fried,
FOOD001768,FOODBASE01678,,,
FOOD001769,FOODBASE01679,,,
FOOD001770,FOODBASE01680,,,
FOOD001771,FOODBASE01681,vanilla,,
FOOD001772,FOODBASE01682,,,
FOOD001773,FOODBASE01683,peanut,,
FOOD001774,FOODBASE01684,,baked,
FOOD001775,FOODBASE01685,,,
FOOD001776,FOODBASE01686,,,
FOOD001777,FOODBASE01687,,,
FOOD001778,FOODBASE01688,cinnamon,dried,
FOOD001779,FOODBASE01689,,steamed,
FOOD001780,FOODBASE01690,,,
FOOD001781,FOODBASE01691,,,
FOOD001782,FOODBASE01692,,,
FOOD001783,FOODBASE01693,cinnamon,baked,
FOOD001784,FOODBASE01694,,,
FOOD001785,FOODBASE01695,chocolate,,
FOOD001786,FOODBASE01696,,fried,
FOOD001787,FOODBASE01697,,,
FOOD001788,FOODBASE01698,,,
FOOD001789,FOODBASE01699,,,
FOOD001790,FOODBASE01700,,baked,
FOOD001791,FOODBASE01701,,,
FOOD001792,FOODBASE01702,,cooked,
FOOD001793,FOODBASE01703,,,
FOOD001794,FOODBASE01704,,,
FOOD001795,FOODBASE01705,,,
FOOD001796,FOODBASE01706,vanilla,,
FOOD001797,FOODBASE01707,,,
FOOD001798,FOODBASE01708,,,
FOOD001799,FOODBASE01709,,,
FOOD001800,FOODBASE01710,,,
FOOD001801,FOODBASE01711,,,
FOOD001802,FOODBASE01712,vanilla,,
FOOD001803,FOODBASE01713,chocolate,,
FOOD001804,FOODBASE01714,,dried,
FOOD001805,FOODBASE01715,,cooked,
FOOD001806,FOODBASE01716,,dried,
FOOD001807,FOODBASE01717,,,
FOOD001808,FOODBASE01718,,,
FOOD001809,FOODBASE01719,,,
FOOD001810,FOODBASE01720,,,
FOOD001811,FOODBASE01721,,,
FOOD001812,FOODBASE01722,,,
FOOD001813,FOODBASE01723,,,
FOOD001814,FOODBASE01724,,,
FOOD001815,FOODBASE01725,,,
FOOD001816,FOODBASE01726,,,
FOOD001817,FOODBASE01727,,,
FOOD001818,FOODBASE01728,,,
FOOD001819,FOODBASE01729,,,
FOOD001820,FOODBASE01730,,,
FOOD001821,FOODBASE01731,,,
FOOD001822,FOODBASE01732,,,
FOOD001823,FOODBASE01733,,,
FOOD001824,FOODBASE01734,,,
FOOD001825,FOODBASE01735,,,
FOOD001826,FOODBASE01736,,,
FOOD001827,FOODBASE01737,,dried,
FOOD001828,FOODBASE01738,,,
FOOD001829,FOODBASE01739,,,
FOOD001830,FOODBASE01740,,,
FOOD001831,FOODBASE01741,,,
FOOD001832,FOODBASE01742,,,
FOOD001833,FOODBASE01743,,,
FOOD001834,FOODBASE01744,,,
FOOD001835,FOODBASE01745,chocolate,,
FOOD001836,FOODBASE01746,chocolate,,
FOOD001837,FOODBASE01747,,,
FOOD001838,FOODBASE01748,,,
FOOD001839,FOODBASE01749,,baked,
FOOD001840,FOODBASE01750,raspberry,,
FOOD001841,FOODBASE01751,chocolate,,
FOOD001842,FOODBASE01752,,,
FOOD001843,FOODBASE01753,,,
FOOD001844,FOODBASE01754,chocolate,,
FOOD001845,FOODBASE01755,lemon,baked,
FOOD001846,FOODBASE01756,,,
FOOD001847,FOODBASE00550,cherry,baked,
FOOD001848,FOODBASE01757,cherry,,
FOOD001849,FOODBASE01758,chocolate,,
FOOD001850,FOODBASE01759,chocolate,,
FOOD001851,FOODBASE01760,chocolate,,
FOOD001852,FOODBASE01761,chocolate,,
FOOD001853,FOODBASE01762,chocolate,,
FOOD001854,FOODBASE01763,,,
FOOD001855,FOODBASE01764,cinnamon,,
FOOD001856,FOODBASE01765,,,
FOOD001857,FOODBASE01766,,,
FOOD001858,FOODBASE01767,cinnamon,,
FOOD001859,FOODBASE01768,cinnamon,baked,
FOOD001860,FOODBASE01769,,,
FOOD001861,FOODBASE01770,chocolate,,
FOOD001862,FOODBASE01771,,,
FOOD001863,FOODBASE01772,chocolate,,
FOOD001864,FOODBASE01773,,,
FOOD001865,FOODBASE01774,apple,baked,
FOOD001866,FOODBASE01775,chocolate,,
FOOD001867,FOODBASE01776,peanut,,
FOOD001868,FOODBASE01777,,baked,
FOOD001869,FOODBASE01778,,,
FOOD001870,FOODBASE01779,,,
FOOD001871,FOODBASE01780,,,
FOOD001872,FOODBASE01781,,,
FOOD001873,FOODBASE01782,,,
FOOD001874,FOODBASE01783,,,
FOOD001875,FOODBASE01784,chocolate,,
FOOD001876,FOODBASE01785,chocolate,,
FOOD001877,FOODBASE01786,,,
FOOD001878,FOODBASE01787,strawberry,,
FOOD001879,FOODBASE01788,,,
FOOD001880,FOODBASE01789,lemon,,
FOOD001881,FOODBASE01790,,,
FOOD001882,FOODBASE01791,chocolate,,
FOOD001883,FOODBASE01792,,,
FOOD001884,FOODBASE01793,,,
FOOD001885,FOODBASE01794,,,
FOOD001886,FOODBASE01795,blueberry,,
FOOD001887,FOODBASE01796,,baked,
FOOD001888,FOODBASE01797,chocolate,,
FOOD001889,FOODBASE01798,coffee,,
FOOD001890,FOODBASE01799,chocolate,,
FOOD001891,FOODBASE00756,chocolate,,
FOOD001892,FOODBASE00756,vanilla,,
FOOD001893,FOODBASE01800,,,
FOOD001894,FOODBASE01801,,,
FOOD001895,FOODBASE01802,chocolate,,
FOOD001896,FOODBASE01803,,baked,
FOOD001897,FOODBASE01804,,,
FOOD001898,FOODBASE01805,lemon,,
FOOD001899,FOODBASE01806,chocolate,,
FOOD001900,FOODBASE01806,vanilla,,
FOOD001901,FOODBASE00756,chocolate,,
FOOD001902,FOODBASE00756,vanilla,,
FOOD001903,FOODBASE01807,,,
FOOD001904,FOODBASE01808,,baked,
FOOD001905,FOODBASE01809,,baked,
FOOD001906,FOODBASE01810,,baked,
FOOD001907,FOODBASE01811,,,
FOOD001908,FOODBASE01812,,,
FOOD001909,FOODBASE01813,,,
FOOD001910,FOODBASE01814,,,
FOOD001911,FOODBASE01815,cinnamon,,
FOOD001912,FOODBASE01816,,,
FOOD001913,FOODBASE01817,vanilla,cooked,
FOOD001914,FOODBASE01818,,,
FOOD001915,FOODBASE01819,chocolate,,
FOOD001916,FOODBASE01820,,raw,
FOOD001917,FOODBASE01821,,raw,
FOOD001918,FOODBASE01822,,raw,
FOOD001919,FOODBASE01823,,raw,
FOOD001920,FOODBASE01824,,raw,
FOOD001921,FOODBASE01825,,raw,
FOOD001922,FOODBASE01826,,steamed,
FOOD001923,FOODBASE01827,,,
FOOD001924,FOODBASE01828,cinnamon,,
FOOD001925,FOODBASE01829,,raw,
FOOD001926,FOODBASE01830,,,
FOOD001927,FOODBASE01831,,cooked,
FOOD001928,FOODBASE01832,,raw,
FOOD001929,FOODBASE01833,,steamed,
FOOD001930,FOODBASE01834,,raw,
FOOD001931,FOODBASE01835,,raw,
FOOD001932,FOODBASE01836,,,
FOOD001933,FOODBASE01837,,steamed,
FOOD001934,FOODBASE01838,,raw,
FOOD001935,FOODBASE01839,,,
FOOD001936,FOODBASE01840,,steamed,
FOOD001937,FOODBASE01841,,raw,
FOOD001938,FOODBASE01842,,,
FOOD001939,FOODBASE01843,,,
FOOD001940,FOODBASE01844,,steamed,
FOOD001941,FOODBASE01845,,raw,
FOOD001942,FOODBASE01846,,raw,
FOOD001943,FOODBASE01847,,raw,
FOOD001944,FOODBASE01848,,raw,
FOOD001945,FOODBASE01849,,raw,
FOOD001946,FOODBASE01850,,raw,
FOOD001947,FOODBASE01851,,raw,
FOOD001948,FOODBASE01852,,raw,
FOOD001949,FOODBASE01853,,,
FOOD001950,FOODBASE01854,,,
FOOD001951,FOODBASE01855,,raw,
FOOD001952,FOODBASE01856,,steamed,
FOOD001953,FOODBASE01857,,raw,
FOOD001954,FOODBASE01858,,raw,
FOOD001955,FOODBASE01859,,,
FOOD001956,FOODBASE01860,,steamed,
FOOD001957,FOODBASE01861,,steamed,
FOOD001958,FOODBASE01862,,,
FOOD001959,FOODBASE01863,,steamed,
FOOD001960,FOODBASE01864,,dried,
FOOD001961,FOODBASE01865,,raw,
FOOD001962,FOODBASE01866,,raw,
FOOD001963,FOODBASE01867,,raw,
FOOD001964,FOODBASE01868,,steamed,
FOOD001965,FOODBASE01869,,raw,
FOOD001966,FOODBASE01870,,raw,
FOOD001967,FOODBASE01871,,raw,
FOOD001968,FOODBASE01872,,dried,
FOOD001969,FOODBASE01873,,raw,
FOOD001970,FOODBASE01874,,raw,
FOOD001971,FOODBASE01875,,,
FOOD001972,FOODBASE01876,,,
FOOD001973,FOODBASE01877,,,
FOOD001974,FOODBASE01878,,raw,
FOOD001975,FOODBASE01879,,raw,
FOOD001976,FOODBASE01880,,steamed,
FOOD001977,FOODBASE01881,,,
FOOD001978,FOODBASE01882,,dried,
FOOD001979,FOODBASE01883,,,
FOOD001980,FOODBASE01884,,raw,
FOOD001981,FOODBASE01885,,,
FOOD001982,FOODBASE01886,,,
FOOD001983,FOODBASE01887,,,
FOOD001984,FOODBASE01888,,,
FOOD001985,FOODBASE01889,,raw,
FOOD001986,FOODBASE01890,,raw,
FOOD001987,FOODBASE01891,,raw,
FOOD001988,FOODBASE01892,,raw,
FOOD001989,FOODBASE01893,,,
FOOD001990,FOODBASE01894,,,
FOOD001991,FOODBASE01895,,,
FOOD001992,FOODBASE01896,,,
FOOD001993,FOODBASE01897,,raw,
FOOD001994,FOODBASE01898,,raw,
FOOD001995,FOODBASE01899,,raw,
FOOD001996,FOODBASE01900,,raw,
FOOD001997,FOODBASE01901,,steamed,
FOOD001998,FOODBASE01902,,raw,
FOOD001999,FOODBASE01903,,,
FOOD002000,FOODBASE01904,,,
FOOD002001,FOODBASE01905,,,
FOOD002002,FOODBASE01905,,,
FOOD002003,FOODBASE01906,,baked,
FOOD002004,FOODBASE01907,,fried,
FOOD002005,FOODBASE01908,,,
FOOD002006,FOODBASE01909,,dried,
FOOD002007,FOODBASE01910,,raw,
FOOD002008,FOODBASE01911,,raw,
FOOD002009,FOODBASE01912,,,
FOOD002010,FOODBASE01913,,raw,
FOOD002011,FOODBASE01914,,,
FOOD002012,FOODBASE01915,,,
FOOD002013,FOODBASE01916,,,
FOOD002014,FOODBASE01917,,,
FOOD002015,FOODBASE01918,,,
FOOD002016,FOODBASE01919,,raw,
FOOD002017,FOODBASE01919,,raw,
FOOD002018,FOODBASE01920,,raw,
FOOD002019,FOODBASE01921,,,
FOOD002020,FOODBASE01922,,raw,
FOOD002021,FOODBASE01923,,raw,
FOOD002022,FOODBASE01924,,raw,
FOOD002023,FOODBASE01925,,dried,
FOOD002024,FOODBASE01926,,steamed,
FOOD002025,FOODBASE01927,,raw,
FOOD002026,FOODBASE01928,,steamed,
FOOD002027,FOODBASE01929,,raw,
FOOD002028,FOODBASE01930,,dried,
FOOD002029,FOODBASE01931,,dried,
FOOD002030,FOODBASE01932,,cooked,
FOOD002031,FOODBASE01933,lemon,raw,
FOOD002032,FOODBASE01934,,raw,
FOOD002033,FOODBASE01935,,raw,
FOOD002034,FOODBASE01936,,,
FOOD002035,FOODBASE01937,,cooked,
FOOD002036,FOODBASE01938,,,
FOOD002037,FOODBASE01939,,,
FOOD002038,FOODBASE01940,,cooked,
FOOD002039,FOODBASE01941,,,
FOOD002040,FOODBASE01942,,,
FOOD002041,FOODBASE01943,,,
FOOD002042,FOODBASE01944,,steamed,
FOOD002043,FOODBASE01945,,,
FOOD002044,FOODBASE01946,,raw,
FOOD002045,FOODBASE01947,,raw,
FOOD002046,FOODBASE01948,,,
FOOD002047,FOODBASE01949,,,
FOOD002048,FOODBASE01950,,cooked,
FOOD002049,FOODBASE01951,,,
FOOD002050,FOODBASE01952,,,
FOOD002051,FOODBASE01953,,grilled,
FOOD002052,FOODBASE01954,,raw,
FOOD002053,FOODBASE01955,,raw,
FOOD002054,FOODBASE01956,,,
FOOD002055,FOODBASE01957,,raw,
FOOD002056,FOODBASE01958,,raw,
FOOD002057,FOODBASE01959,,raw,
FOOD002058,FOODBASE01960,,roasted,
FOOD002059,FOODBASE01961,,baked,
FOOD002060,FOODBASE01962,,fried,
FOOD002061,FOODBASE01963,,,
FOOD002062,FOODBASE01964,,raw,
FOOD002063,FOODBASE01965,,raw,
FOOD002064,FOODBASE01966,,dried,
FOOD002065,FOODBASE01967,,raw,
FOOD002066,FOODBASE01968,,,
FOOD002067,FOODBASE01969,,cooked,
FOOD002068,FOODBASE01970,,cooked,
FOOD002069,FOODBASE01971,,,
FOOD002070,FOODBASE01972,banana,dried,
FOOD002071,FOODBASE01973,,,
FOOD002072,FOODBASE01974,,,
FOOD002073,FOODBASE01975,,,
FOOD002074,FOODBASE01976,,dried,
FOOD002075,FOODBASE01977,,,
FOOD002076,FOODBASE01978,,,
FOOD002077,FOODBASE01979,,,
FOOD002078,FOODBASE01980,,raw,
FOOD002079,FOODBASE01981,,baked,
FOOD002080,FOODBASE01982,,,
FOOD002081,FOODBASE01983,,cooked,
FOOD002082,FOODBASE01984,,raw,
FOOD002083,FOODBASE01985,,,
FOOD002084,FOODBASE01986,,,
FOOD002085,FOODBASE01987,,,
FOOD002086,FOODBASE01988,,,
FOOD002087,FOODBASE01989,,,
FOOD002088,FOODBASE01990,,,
FOOD002089,FOODBASE01991,,,
FOOD002090,FOODBASE01992,,,
FOOD002091,FOODBASE01993,,,
FOOD002092,FOODBASE01994,,,
FOOD002093,FOODBASE01995,,steamed,
FOOD002094,FOODBASE01996,,fried,
FOOD002095,FOODBASE01997,,,
FOOD002096,FOODBASE01998,,,
FOOD002097,FOODBASE01999,,raw,
FOOD002098,FOODBASE02000,,roasted,
FOOD002099,FOODBASE02001,,raw,
FOOD002100,FOODBASE02001,,raw,
FOOD002101,FOODBASE02002,,,
FOOD002102,FOODBASE02003,,raw,
FOOD002103,FOODBASE02004,,raw,
FOOD002104,FOODBASE02005,,raw,
FOOD002105,FOODBASE02006,,,
FOOD002106,FOODBASE02007,,,
FOOD002107,FOODBASE02008,,raw,
FOOD002108,FOODBASE02009,,raw,
FOOD002109,FOODBASE02010,,raw,
FOOD002110,FOODBASE02011,,raw,
FOOD002111,FOODBASE02012,,raw,
FOOD002112,FOODBASE02013,,dried,
FOOD002113,FOODBASE02014,,,
FOOD002114,FOODBASE02015,,raw,
FOOD002115,FOODBASE02016,,raw,
FOOD002116,FOODBASE02017,,raw,
FOOD002117,FOODBASE02018,,cooked,
FOOD002118,FOODBASE02019,,raw,
FOOD002119,FOODBASE02020,,raw,
FOOD002120,FOODBASE02021,,,
FOOD002121,FOODBASE02022,,steamed,
FOOD002122,FOODBASE02023,,,
FOOD002123,FOODBASE02024,,,
FOOD002124,FOODBASE02025,,raw,
FOOD002125,FOODBASE02026,,,
FOOD002126,FOODBASE02026,,,
FOOD002127,FOODBASE02027,,,
FOOD002128,FOODBASE02028,,raw,
FOOD002129,FOODBASE02029,,raw,
FOOD002130,FOODBASE02030,,,
FOOD002131,FOODBASE02031,,steamed,
FOOD002132,FOODBASE02032,,,
FOOD002133,FOODBASE02033,,,
FOOD002134,FOODBASE02034,,dried,
FOOD002135,FOODBASE02035,,steamed,
FOOD002136,FOODBASE02036,,dried,
FOOD002137,FOODBASE02037,,raw,
FOOD002138,FOODBASE02037,,raw,
FOOD002139,FOODBASE02038,,,
FOOD002140,FOODBASE02039,,dried,
FOOD002141,FOODBASE00087,,,
FOOD002142,FOODBASE02040,,,
FOOD002143,FOODBASE02041,,,
FOOD002144,FOODBASE02042,,cooked,
FOOD002145,FOODBASE02043,,steamed,
FOOD002146,FOODBASE02044,,baked,
FOOD002147,FOODBASE02045,,,
FOOD002148,FOODBASE02046,,raw,
FOOD002149,FOODBASE02047,,,
FOOD002150,FOODBASE02048,,raw,
FOOD002151,FOODBASE02049,,raw,
FOOD002152,FOODBASE02050,,raw,
FOOD002153,FOODBASE02051,,,
FOOD002154,FOODBASE02052,,steamed,
FOOD002155,FOODBASE02053,,,
FOOD002156,FOODBASE02054,,,
FOOD002157,FOODBASE02055,,raw,
FOOD002158,FOODBASE02056,,steamed,
FOOD002159,FOODBASE02057,,steamed,
FOOD002160,FOODBASE02058,,steamed,
FOOD002161,FOODBASE02059,,steamed,
FOOD002162,FOODBASE02060,,raw,
FOOD002163,FOODBASE02061,,,
FOOD002164,FOODBASE02062,,,
FOOD002165,FOODBASE02063,,raw,
FOOD002166,FOODBASE02064,,raw,
FOOD002167,FOODBASE02065,,,
FOOD002168,FOODBASE02066,,,
FOOD002169,FOODBASE02067,,,
FOOD002170,FOODBASE02068,,,
FOOD002171,FOODBASE02069,,,
FOOD002172,FOODBASE02070,,,
FOOD002173,FOODBASE02071,,baked,
FOOD002174,FOODBASE02072,,,
FOOD002175,FOODBASE02073,,,
FOOD002176,FOODBASE02074,,,
FOOD002177,FOODBASE02075,,,
FOOD002178,FOODBASE02076,orange,dried,
FOOD002179,FOODBASE02077,,,
FOOD002180,FOODBASE02078,,,
FOOD002181,FOODBASE02079,,cooked,
FOOD002182,FOODBASE02080,,raw,
FOOD002183,FOODBASE02081,,cooked,
FOOD002184,FOODBASE02082,,raw,
FOOD002185,FOODBASE02083,,,
FOOD002186,FOODBASE02084,,,
FOOD002187,FOODBASE02085,,,
FOOD002188,FOODBASE02086,,baked,
FOOD002189,FOODBASE02087,,,
FOOD002190,FOODBASE02088,,,
FOOD002191,FOODBASE02089,,,
FOOD002192,FOODBASE02090,,,
FOOD002193,FOODBASE02091,,,
FOOD002194,FOODBASE02092,,,
FOOD002195,FOODBASE02093,,cooked,
FOOD002196,FOODBASE02094,,raw,
FOOD002197,FOODBASE02095,,,
FOOD002198,FOODBASE02096,,raw,
FOOD002199,FOODBASE02097,,raw,
FOOD002200,FOODBASE02098,,raw,
FOOD002201,FOODBASE02099,,raw,
FOOD002202,FOODBASE02100,,raw,
FOOD002203,FOODBASE02101,,,
FOOD002204,FOODBASE02102,,steamed,
FOOD002205,FOODBASE02103,,cooked,
FOOD002206,FOODBASE02104,,steamed,
FOOD002207,FOODBASE02105,,,
FOOD002208,FOODBASE02106,,,
FOOD002209,FOODBASE02107,,raw,
FOOD002210,FOODBASE02108,,raw,
FOOD002211,FOODBASE02109,,raw,
FOOD002212,FOODBASE02110,,raw,
FOOD002213,FOODBASE02111,,,
FOOD002214,FOODBASE02112,,raw,
FOOD002215,FOODBASE02113,,raw,
FOOD002216,FOODBASE02114,,,
FOOD002217,FOODBASE02115,,,
FOOD002218,FOODBASE02116,strawberry,,
